#
# There is insufficient memory for the Java Runtime Environment to continue.
# Native memory allocation (mmap) failed to map 87031808 bytes for G1 virtual space
# Possible reasons:
#   The system is out of physical RAM or swap space
#   The process is running with CompressedOops enabled, and the Java Heap may be blocking the growth of the native heap
# Possible solutions:
#   Reduce memory load on the system
#   Increase physical memory or swap space
#   Check if swap backing store is full
#   Decrease Java heap size (-Xmx/-Xms)
#   Decrease number of Java threads
#   Decrease Java thread stack sizes (-Xss)
#   Set larger code cache with -XX:ReservedCodeCacheSize=
#   JVM is running with Unscaled Compressed Oops mode in which the Java heap is
#     placed in the first 4GB address space. The Java Heap base address is the
#     maximum limit for the native heap growth. Please use -XX:HeapBaseMinAddress
#     to set the Java Heap base and to place the Java Heap above 4GB virtual address.
# This output file may be truncated or incomplete.
#
#  Out of Memory Error (os_windows.cpp:3613), pid=25216, tid=28988
#
# JRE version: OpenJDK Runtime Environment OpenLogic-OpenJDK (17.0.10+7) (build 17.0.10+7-adhoc..jdk17u)
# Java VM: OpenJDK 64-Bit Server VM OpenLogic-OpenJDK (17.0.10+7-adhoc..jdk17u, mixed mode, sharing, tiered, compressed oops, compressed class ptrs, g1 gc, windows-amd64)
# No core dump will be written. Minidumps are not enabled by default on client versions of Windows
#

---------------  S U M M A R Y ------------

Command Line: --add-opens=java.base/java.lang=ALL-UNNAMED --add-opens=java.base/java.lang.invoke=ALL-UNNAMED --add-opens=java.base/java.util=ALL-UNNAMED --add-opens=java.prefs/java.util.prefs=ALL-UNNAMED --add-exports=jdk.compiler/com.sun.tools.javac.api=ALL-UNNAMED --add-exports=jdk.compiler/com.sun.tools.javac.util=ALL-UNNAMED --add-opens=java.base/java.util=ALL-UNNAMED --add-opens=java.prefs/java.util.prefs=ALL-UNNAMED --add-opens=java.base/java.nio.charset=ALL-UNNAMED --add-opens=java.base/java.net=ALL-UNNAMED --add-opens=java.base/java.util.concurrent=ALL-UNNAMED --add-opens=java.base/java.util.concurrent.atomic=ALL-UNNAMED --add-opens=java.xml/javax.xml.namespace=ALL-UNNAMED --add-opens=java.base/java.time=ALL-UNNAMED -XX:MaxMetaspaceSize=512m -Xmx2048m -Dfile.encoding=windows-1252 -Duser.country=IN -Duser.language=en -Duser.variant -javaagent:C:\Users\PREET\.gradle\wrapper\dists\gradle-9.3.1-bin\23ovyewtku6u96viwx3xl3oks\gradle-9.3.1\lib\agents\gradle-instrumentation-agent-9.3.1.jar org.gradle.launcher.daemon.bootstrap.GradleDaemon 9.3.1

Host: 13th Gen Intel(R) Core(TM) i7-13620H, 16 cores, 15G,  Windows 11 , 64 bit Build 26100 (10.0.26100.7019)
Time: Mon May 18 15:53:00 2026 India Standard Time elapsed time: 51.989619 seconds (0d 0h 0m 51s)

---------------  T H R E A D  ---------------

Current thread (0x00000213fc5ab3b0):  VMThread "VM Thread" [stack: 0x000000c6f8a00000,0x000000c6f8b00000] [id=28988]

Stack: [0x000000c6f8a00000,0x000000c6f8b00000]
Native frames: (J=compiled Java code, j=interpreted, Vv=VM code, C=native code)
V  [jvm.dll+0x67d6e9]
V  [jvm.dll+0x834dca]
V  [jvm.dll+0x83688e]
V  [jvm.dll+0x836ef3]
V  [jvm.dll+0x247bdf]
V  [jvm.dll+0x67a529]
V  [jvm.dll+0x66ef9a]
V  [jvm.dll+0x307a6b]
V  [jvm.dll+0x30ef16]
V  [jvm.dll+0x35ec3e]
V  [jvm.dll+0x35ee6f]
V  [jvm.dll+0x2de668]
V  [jvm.dll+0x2dc844]
V  [jvm.dll+0x2dbe4c]
V  [jvm.dll+0x320211]
V  [jvm.dll+0x83b3eb]
V  [jvm.dll+0x83c131]
V  [jvm.dll+0x83c64d]
V  [jvm.dll+0x83ca24]
V  [jvm.dll+0x83caf0]
V  [jvm.dll+0x7e42aa]
V  [jvm.dll+0x67c5d5]
C  [ucrtbase.dll+0x37b0]
C  [KERNEL32.DLL+0x2e8d7]
C  [ntdll.dll+0x8c53c]

VM_Operation (0x000000c6fa8f6900): G1TryInitiateConcMark, mode: safepoint, requested by thread 0x00000213fdfa3db0


---------------  P R O C E S S  ---------------

Threads class SMR info:
_java_thread_list=0x00000213b1daef90, length=237, elements={
0x00000213ea215100, 0x00000213fc5add00, 0x00000213fc5afbf0, 0x00000213fc5c9bc0,
0x00000213fc5ca490, 0x00000213fc5cad60, 0x00000213fc5cba40, 0x00000213fc5ce260,
0x00000213fc5e27a0, 0x00000213fc5e61c0, 0x00000213fd4ba5c0, 0x00000213fd5f06f0,
0x00000213ae63f860, 0x00000213fe978070, 0x00000213fe773350, 0x00000213fda3f4c0,
0x00000213fde52980, 0x00000213fde51ab0, 0x00000213fdfa3db0, 0x00000213fdfa42c0,
0x00000213fdfa51f0, 0x00000213fdfa47d0, 0x00000213af04ea50, 0x00000213af04b2a0,
0x00000213af04d100, 0x00000213af04e540, 0x00000213af04bcc0, 0x00000213af04d610,
0x00000213af04e030, 0x00000213af04c6e0, 0x00000213af04db20, 0x00000213fd63dc70,
0x00000213aeab4610, 0x00000213af04cbf0, 0x00000213af04ef60, 0x00000213af04b7b0,
0x00000213af04f470, 0x00000213af04fe90, 0x00000213af052200, 0x00000213af04f980,
0x00000213af0503a0, 0x00000213af0508b0, 0x00000213af050dc0, 0x00000213fdfa4ce0,
0x00000213b06c45a0, 0x00000213b06c7840, 0x00000213b06c59e0, 0x00000213b06c4090,
0x00000213b06c5ef0, 0x00000213b06c54d0, 0x00000213b06c6400, 0x00000213b06c4ab0,
0x00000213b06c4fc0, 0x00000213b06c6910, 0x00000213b06c6e20, 0x00000213b06c7330,
0x00000213b0bcf060, 0x00000213b0bd13d0, 0x00000213b0bd2810, 0x00000213b0bd0ec0,
0x00000213b0bd1df0, 0x00000213b0bcf570, 0x00000213b0bd18e0, 0x00000213b0bd04a0,
0x00000213b0bcff90, 0x00000213b0bd3230, 0x00000213b0bd2300, 0x00000213b0bcfa80,
0x00000213b0bd2d20, 0x00000213b0bd3c50, 0x00000213b0bd3740, 0x00000213b0bd4160,
0x00000213b0bd09b0, 0x00000213b1bf0050, 0x00000213b0bd4670, 0x00000213b0bd5fc0,
0x00000213b0bd64d0, 0x00000213b0bd55a0, 0x00000213b0bd4b80, 0x00000213b0bd69e0,
0x00000213b0bd5090, 0x00000213b0bd5ab0, 0x00000213b34b17f0, 0x00000213b34b1d00,
0x00000213b34b4580, 0x00000213b34b2210, 0x00000213b34b12e0, 0x00000213b34b2720,
0x00000213b34b3b60, 0x00000213b0a55040, 0x00000213fd65be10, 0x00000213b34b2c30,
0x00000213b34b3650, 0x00000213b34b68f0, 0x00000213afba0030, 0x00000213b3d96920,
0x00000213b34b7820, 0x00000213b34b59c0, 0x00000213b34b63e0, 0x00000213b34b7d30,
0x00000213b34b8240, 0x00000213b34b4a90, 0x00000213b34b8750, 0x00000213b36e0700,
0x00000213b36de8a0, 0x00000213b36df2c0, 0x00000213b36dcf50, 0x00000213b36dd460,
0x00000213b36e01f0, 0x00000213b36dedb0, 0x00000213b36e1120, 0x00000213b36dd970,
0x00000213b36e1630, 0x00000213b36dde80, 0x00000213b36e1b40, 0x00000213b36de390,
0x00000213b36e2a70, 0x00000213b36e2f80, 0x00000213b36e2050, 0x00000213b36e48d0,
0x00000213b36e3490, 0x00000213b36e2560, 0x00000213b36e39a0, 0x00000213b36e3eb0,
0x00000213b36e43c0, 0x00000213af0517e0, 0x00000213b235fa30, 0x00000213b2360450,
0x00000213b2361380, 0x00000213b2360960, 0x00000213b2360e70, 0x00000213b235f520,
0x00000213b235ff40, 0x00000213b2361890, 0x00000213b235e0e0, 0x00000213b235f010,
0x00000213b2361da0, 0x00000213b235e5f0, 0x00000213b235eb00, 0x00000213b2363c00,
0x00000213b2364620, 0x00000213b2362cd0, 0x00000213b2364b30, 0x00000213b23631e0,
0x00000213b2365550, 0x00000213b2364110, 0x00000213b2365a60, 0x00000213b2365040,
0x00000213b23622b0, 0x00000213b23627c0, 0x00000213b23636f0, 0x00000213b36b9320,
0x00000213b36b8e10, 0x00000213b36b6080, 0x00000213b36b74c0, 0x00000213b36b83f0,
0x00000213b36b6590, 0x00000213b36b6aa0, 0x00000213b36b9830, 0x00000213b36b7ee0,
0x00000213b36ba250, 0x00000213b36b6fb0, 0x00000213b36bac70, 0x00000213b36bb180,
0x00000213b36b9d40, 0x00000213b36b8900, 0x00000213b36ba760, 0x00000213b36b79d0,
0x00000213b36bc0b0, 0x00000213b36bc5c0, 0x00000213b36bbba0, 0x00000213b36bcfe0,
0x00000213b36bcad0, 0x00000213b36bda00, 0x00000213b36bd4f0, 0x00000213b251f850,
0x00000213b2520270, 0x00000213b2520c90, 0x00000213b251fd60, 0x00000213b2521bc0,
0x00000213b251e920, 0x00000213b251ee30, 0x00000213b2520780, 0x00000213b25211a0,
0x00000213b25216b0, 0x00000213b251f340, 0x00000213b251e410, 0x00000213aff20da0,
0x00000213aff23b30, 0x00000213aff23620, 0x00000213aff221e0, 0x00000213aff21cd0,
0x00000213aff212b0, 0x00000213aff24040, 0x00000213aff22c00, 0x00000213aff20890,
0x00000213aff226f0, 0x00000213aff23110, 0x00000213aff24550, 0x00000213aff24a60,
0x00000213aff24f70, 0x00000213aff272e0, 0x00000213aff25990, 0x00000213aff27d00,
0x00000213aff26dd0, 0x00000213aff277f0, 0x00000213aff25ea0, 0x00000213aff28210,
0x00000213aff25480, 0x00000213aff263b0, 0x00000213ae070bc0, 0x00000213ae0706b0,
0x00000213ae072510, 0x00000213ae0710d0, 0x00000213ae0715e0, 0x00000213ae071af0,
0x00000213ae072000, 0x00000213ae072a20, 0x00000213ae0701a0, 0x00000213ae06f780,
0x00000213ae06fc90, 0x00000213ae0766e0, 0x00000213ae073e60, 0x00000213ae074370,
0x00000213ae074880, 0x00000213ae074d90, 0x00000213ae0752a0, 0x00000213ae073950,
0x00000213ae072f30, 0x00000213ae075cc0, 0x00000213ae0757b0, 0x00000213ae0761d0,
0x00000213ae076bf0, 0x00000213ae073440, 0x00000213ae077100, 0x00000213b1d58500,
0x00000213b1671830
}

Java Threads: ( => current thread )
  0x00000213ea215100 JavaThread "main" [_thread_blocked, id=5412, stack(0x000000c6f8400000,0x000000c6f8500000)]
  0x00000213fc5add00 JavaThread "Reference Handler" daemon [_thread_blocked, id=31360, stack(0x000000c6f8b00000,0x000000c6f8c00000)]
  0x00000213fc5afbf0 JavaThread "Finalizer" daemon [_thread_blocked, id=1596, stack(0x000000c6f8c00000,0x000000c6f8d00000)]
  0x00000213fc5c9bc0 JavaThread "Signal Dispatcher" daemon [_thread_blocked, id=7256, stack(0x000000c6f8d00000,0x000000c6f8e00000)]
  0x00000213fc5ca490 JavaThread "Attach Listener" daemon [_thread_blocked, id=32556, stack(0x000000c6f8e00000,0x000000c6f8f00000)]
  0x00000213fc5cad60 JavaThread "Service Thread" daemon [_thread_blocked, id=10104, stack(0x000000c6f8f00000,0x000000c6f9000000)]
  0x00000213fc5cba40 JavaThread "Monitor Deflation Thread" daemon [_thread_blocked, id=13464, stack(0x000000c6f9000000,0x000000c6f9100000)]
  0x00000213fc5ce260 JavaThread "C2 CompilerThread0" daemon [_thread_blocked, id=26460, stack(0x000000c6f9100000,0x000000c6f9200000)]
  0x00000213fc5e27a0 JavaThread "C1 CompilerThread0" daemon [_thread_blocked, id=27512, stack(0x000000c6f9200000,0x000000c6f9300000)]
  0x00000213fc5e61c0 JavaThread "Sweeper thread" daemon [_thread_blocked, id=13144, stack(0x000000c6f9300000,0x000000c6f9400000)]
  0x00000213fd4ba5c0 JavaThread "Common-Cleaner" daemon [_thread_blocked, id=4192, stack(0x000000c6f9600000,0x000000c6f9700000)]
  0x00000213fd5f06f0 JavaThread "Notification Thread" daemon [_thread_blocked, id=18308, stack(0x000000c6f9900000,0x000000c6f9a00000)]
  0x00000213ae63f860 JavaThread "Daemon health stats" [_thread_blocked, id=13728, stack(0x000000c6fa300000,0x000000c6fa400000)]
  0x00000213fe978070 JavaThread "Incoming local TCP Connector on port 50778" [_thread_in_native, id=22460, stack(0x000000c6fa100000,0x000000c6fa200000)]
  0x00000213fe773350 JavaThread "Daemon periodic checks" [_thread_blocked, id=22272, stack(0x000000c6fa400000,0x000000c6fa500000)]
  0x00000213fda3f4c0 JavaThread "Daemon" [_thread_blocked, id=18964, stack(0x000000c6fa500000,0x000000c6fa600000)]
  0x00000213fde52980 JavaThread "Handler for socket connection from /127.0.0.1:50778 to /127.0.0.1:50779" [_thread_in_native, id=22680, stack(0x000000c6fa600000,0x000000c6fa700000)]
  0x00000213fde51ab0 JavaThread "Cancel handler" [_thread_blocked, id=28760, stack(0x000000c6fa700000,0x000000c6fa800000)]
  0x00000213fdfa3db0 JavaThread "Daemon worker" [_thread_blocked, id=26036, stack(0x000000c6fa800000,0x000000c6fa900000)]
  0x00000213fdfa42c0 JavaThread "Asynchronous log dispatcher for DefaultDaemonConnection: socket connection from /127.0.0.1:50778 to /127.0.0.1:50779" [_thread_blocked, id=452, stack(0x000000c6fa900000,0x000000c6faa00000)]
  0x00000213fdfa51f0 JavaThread "Stdin handler" [_thread_blocked, id=28520, stack(0x000000c6faa00000,0x000000c6fab00000)]
  0x00000213fdfa47d0 JavaThread "Daemon client event forwarder" [_thread_blocked, id=27220, stack(0x000000c6fab00000,0x000000c6fac00000)]
  0x00000213af04ea50 JavaThread "Cache worker for journal cache (C:\Users\PREET\.gradle\caches\journal-1)" [_thread_blocked, id=29408, stack(0x000000c6fac00000,0x000000c6fad00000)]
  0x00000213af04b2a0 JavaThread "File lock request listener" [_thread_in_native, id=14664, stack(0x000000c6fad00000,0x000000c6fae00000)]
  0x00000213af04d100 JavaThread "Cache worker for file hash cache (C:\Users\PREET\.gradle\caches\9.3.1\fileHashes)" [_thread_blocked, id=23752, stack(0x000000c6fae00000,0x000000c6faf00000)]
  0x00000213af04e540 JavaThread "Cache worker for file hash cache (D:\AI_Personal_Buddy\AIAssistantApp\android\.gradle\9.3.1\fileHashes)" [_thread_blocked, id=26516, stack(0x000000c6fb700000,0x000000c6fb800000)]
  0x00000213af04bcc0 JavaThread "Cache worker for Build Output Cleanup Cache (D:\AI_Personal_Buddy\AIAssistantApp\android\.gradle\buildOutputCleanup)" [_thread_blocked, id=28600, stack(0x000000c6fb800000,0x000000c6fb900000)]
  0x00000213af04d610 JavaThread "File watcher server" daemon [_thread_in_native, id=15112, stack(0x000000c6f9700000,0x000000c6f9800000)]
  0x00000213af04e030 JavaThread "File watcher consumer" daemon [_thread_blocked, id=20120, stack(0x000000c6f9800000,0x000000c6f9900000)]
  0x00000213af04c6e0 JavaThread "Cache worker for checksums cache (D:\AI_Personal_Buddy\AIAssistantApp\android\.gradle\9.3.1\checksums)" [_thread_blocked, id=9180, stack(0x000000c6fa200000,0x000000c6fa300000)]
  0x00000213af04db20 JavaThread "Cache worker for file content cache (C:\Users\PREET\.gradle\caches\9.3.1\fileContent)" [_thread_blocked, id=10168, stack(0x000000c6fb900000,0x000000c6fba00000)]
  0x00000213fd63dc70 JavaThread "C1 CompilerThread1" daemon [_thread_blocked, id=17624, stack(0x000000c6fba00000,0x000000c6fbb00000)]
  0x00000213aeab4610 JavaThread "C1 CompilerThread2" daemon [_thread_blocked, id=8324, stack(0x000000c6fbb00000,0x000000c6fbc00000)]
  0x00000213af04cbf0 JavaThread "Cache worker for cache directory md-supplier (C:\Users\PREET\.gradle\caches\9.3.1\md-supplier)" [_thread_blocked, id=24232, stack(0x000000c6fbd00000,0x000000c6fbe00000)]
  0x00000213af04ef60 JavaThread "Cache worker for cache directory md-rule (C:\Users\PREET\.gradle\caches\9.3.1\md-rule)" [_thread_blocked, id=31724, stack(0x000000c6fbe00000,0x000000c6fbf00000)]
  0x00000213af04b7b0 JavaThread "jar transforms" [_thread_blocked, id=30332, stack(0x000000c6fc200000,0x000000c6fc300000)]
  0x00000213af04f470 JavaThread "Cache worker for Build Output Cleanup Cache (D:\AI_Personal_Buddy\AIAssistantApp\node_modules\@react-native\gradle-plugin\.gradle\buildOutputCleanup)" [_thread_blocked, id=15500, stack(0x000000c6fc300000,0x000000c6fc400000)]
  0x00000213af04fe90 JavaThread "Unconstrained build operations" [_thread_blocked, id=26640, stack(0x000000c6fbc00000,0x000000c6fbd00000)]
  0x00000213af052200 JavaThread "Unconstrained build operations Thread 2" [_thread_blocked, id=24924, stack(0x000000c6fbf00000,0x000000c6fc000000)]
  0x00000213af04f980 JavaThread "Unconstrained build operations Thread 3" [_thread_blocked, id=32896, stack(0x000000c6fc000000,0x000000c6fc100000)]
  0x00000213af0503a0 JavaThread "Unconstrained build operations Thread 4" [_thread_blocked, id=32948, stack(0x000000c6fc100000,0x000000c6fc200000)]
  0x00000213af0508b0 JavaThread "Unconstrained build operations Thread 5" [_thread_blocked, id=32544, stack(0x000000c6fc500000,0x000000c6fc600000)]
  0x00000213af050dc0 JavaThread "Unconstrained build operations Thread 6" [_thread_blocked, id=32040, stack(0x000000c6fc600000,0x000000c6fc700000)]
  0x00000213fdfa4ce0 JavaThread "Unconstrained build operations Thread 7" [_thread_blocked, id=3876, stack(0x000000c6fc700000,0x000000c6fc800000)]
  0x00000213b06c45a0 JavaThread "Unconstrained build operations Thread 8" [_thread_blocked, id=29932, stack(0x000000c6fc800000,0x000000c6fc900000)]
  0x00000213b06c7840 JavaThread "Unconstrained build operations Thread 9" [_thread_blocked, id=1936, stack(0x000000c6fc900000,0x000000c6fca00000)]
  0x00000213b06c59e0 JavaThread "Unconstrained build operations Thread 10" [_thread_blocked, id=30036, stack(0x000000c6fca00000,0x000000c6fcb00000)]
  0x00000213b06c4090 JavaThread "Unconstrained build operations Thread 11" [_thread_blocked, id=23508, stack(0x000000c6fcb00000,0x000000c6fcc00000)]
  0x00000213b06c5ef0 JavaThread "Unconstrained build operations Thread 12" [_thread_blocked, id=23212, stack(0x000000c6fcc00000,0x000000c6fcd00000)]
  0x00000213b06c54d0 JavaThread "Unconstrained build operations Thread 13" [_thread_blocked, id=4416, stack(0x000000c6fcd00000,0x000000c6fce00000)]
  0x00000213b06c6400 JavaThread "Unconstrained build operations Thread 14" [_thread_blocked, id=29668, stack(0x000000c6fce00000,0x000000c6fcf00000)]
  0x00000213b06c4ab0 JavaThread "Unconstrained build operations Thread 15" [_thread_blocked, id=9008, stack(0x000000c6fcf00000,0x000000c6fd000000)]
  0x00000213b06c4fc0 JavaThread "Unconstrained build operations Thread 16" [_thread_blocked, id=18968, stack(0x000000c6fd000000,0x000000c6fd100000)]
  0x00000213b06c6910 JavaThread "Unconstrained build operations Thread 17" [_thread_blocked, id=12884, stack(0x000000c6fd100000,0x000000c6fd200000)]
  0x00000213b06c6e20 JavaThread "Unconstrained build operations Thread 18" [_thread_blocked, id=31768, stack(0x000000c6fd200000,0x000000c6fd300000)]
  0x00000213b06c7330 JavaThread "Unconstrained build operations Thread 19" [_thread_blocked, id=12504, stack(0x000000c6fd300000,0x000000c6fd400000)]
  0x00000213b0bcf060 JavaThread "Unconstrained build operations Thread 20" [_thread_blocked, id=4040, stack(0x000000c6fd400000,0x000000c6fd500000)]
  0x00000213b0bd13d0 JavaThread "Unconstrained build operations Thread 21" [_thread_blocked, id=20296, stack(0x000000c6fd500000,0x000000c6fd600000)]
  0x00000213b0bd2810 JavaThread "Unconstrained build operations Thread 22" [_thread_blocked, id=26076, stack(0x000000c6fd600000,0x000000c6fd700000)]
  0x00000213b0bd0ec0 JavaThread "Unconstrained build operations Thread 23" [_thread_blocked, id=15808, stack(0x000000c6fd700000,0x000000c6fd800000)]
  0x00000213b0bd1df0 JavaThread "Unconstrained build operations Thread 24" [_thread_blocked, id=28492, stack(0x000000c6fd800000,0x000000c6fd900000)]
  0x00000213b0bcf570 JavaThread "Unconstrained build operations Thread 25" [_thread_blocked, id=31584, stack(0x000000c6fd900000,0x000000c6fda00000)]
  0x00000213b0bd18e0 JavaThread "Unconstrained build operations Thread 26" [_thread_blocked, id=26088, stack(0x000000c6fda00000,0x000000c6fdb00000)]
  0x00000213b0bd04a0 JavaThread "Unconstrained build operations Thread 27" [_thread_blocked, id=33632, stack(0x000000c6fdb00000,0x000000c6fdc00000)]
  0x00000213b0bcff90 JavaThread "Unconstrained build operations Thread 28" [_thread_blocked, id=27104, stack(0x000000c6fdc00000,0x000000c6fdd00000)]
  0x00000213b0bd3230 JavaThread "Unconstrained build operations Thread 29" [_thread_blocked, id=22632, stack(0x000000c6fdd00000,0x000000c6fde00000)]
  0x00000213b0bd2300 JavaThread "Unconstrained build operations Thread 30" [_thread_blocked, id=24068, stack(0x000000c6fde00000,0x000000c6fdf00000)]
  0x00000213b0bcfa80 JavaThread "Unconstrained build operations Thread 31" [_thread_blocked, id=12156, stack(0x000000c6fdf00000,0x000000c6fe000000)]
  0x00000213b0bd2d20 JavaThread "Unconstrained build operations Thread 32" [_thread_blocked, id=15136, stack(0x000000c6fe000000,0x000000c6fe100000)]
  0x00000213b0bd3c50 JavaThread "Unconstrained build operations Thread 33" [_thread_blocked, id=30544, stack(0x000000c6fe100000,0x000000c6fe200000)]
  0x00000213b0bd3740 JavaThread "Unconstrained build operations Thread 34" [_thread_blocked, id=33508, stack(0x000000c6fe200000,0x000000c6fe300000)]
  0x00000213b0bd4160 JavaThread "Unconstrained build operations Thread 35" [_thread_blocked, id=31380, stack(0x000000c6fe300000,0x000000c6fe400000)]
  0x00000213b0bd09b0 JavaThread "Unconstrained build operations Thread 36" [_thread_blocked, id=12112, stack(0x000000c6fe400000,0x000000c6fe500000)]
  0x00000213b1bf0050 JavaThread "C1 CompilerThread3" daemon [_thread_blocked, id=9724, stack(0x000000c6fe500000,0x000000c6fe600000)]
  0x00000213b0bd4670 JavaThread "Unconstrained build operations Thread 37" [_thread_blocked, id=23068, stack(0x000000c6fe600000,0x000000c6fe700000)]
  0x00000213b0bd5fc0 JavaThread "Unconstrained build operations Thread 38" [_thread_blocked, id=31732, stack(0x000000c6fe700000,0x000000c6fe800000)]
  0x00000213b0bd64d0 JavaThread "Unconstrained build operations Thread 39" [_thread_blocked, id=32604, stack(0x000000c6fe800000,0x000000c6fe900000)]
  0x00000213b0bd55a0 JavaThread "Unconstrained build operations Thread 40" [_thread_blocked, id=29884, stack(0x000000c6fe900000,0x000000c6fea00000)]
  0x00000213b0bd4b80 JavaThread "Unconstrained build operations Thread 41" [_thread_blocked, id=30140, stack(0x000000c6fea00000,0x000000c6feb00000)]
  0x00000213b0bd69e0 JavaThread "Unconstrained build operations Thread 42" [_thread_blocked, id=29548, stack(0x000000c6feb00000,0x000000c6fec00000)]
  0x00000213b0bd5090 JavaThread "Unconstrained build operations Thread 43" [_thread_blocked, id=11880, stack(0x000000c6fec00000,0x000000c6fed00000)]
  0x00000213b0bd5ab0 JavaThread "Unconstrained build operations Thread 44" [_thread_blocked, id=25728, stack(0x000000c6fed00000,0x000000c6fee00000)]
  0x00000213b34b17f0 JavaThread "Unconstrained build operations Thread 45" [_thread_blocked, id=24180, stack(0x000000c6fee00000,0x000000c6fef00000)]
  0x00000213b34b1d00 JavaThread "Unconstrained build operations Thread 46" [_thread_blocked, id=16920, stack(0x000000c6fef00000,0x000000c6ff000000)]
  0x00000213b34b4580 JavaThread "Unconstrained build operations Thread 47" [_thread_blocked, id=30380, stack(0x000000c6ff000000,0x000000c6ff100000)]
  0x00000213b34b2210 JavaThread "Unconstrained build operations Thread 48" [_thread_blocked, id=33128, stack(0x000000c6ff100000,0x000000c6ff200000)]
  0x00000213b34b12e0 JavaThread "Unconstrained build operations Thread 49" [_thread_blocked, id=30984, stack(0x000000c6ff200000,0x000000c6ff300000)]
  0x00000213b34b2720 JavaThread "Unconstrained build operations Thread 50" [_thread_blocked, id=31984, stack(0x000000c6ff300000,0x000000c6ff400000)]
  0x00000213b34b3b60 JavaThread "Unconstrained build operations Thread 51" [_thread_blocked, id=17184, stack(0x000000c6ff400000,0x000000c6ff500000)]
  0x00000213b0a55040 JavaThread "C2 CompilerThread1" daemon [_thread_blocked, id=13572, stack(0x000000c6ff500000,0x000000c6ff600000)]
  0x00000213fd65be10 JavaThread "C2 CompilerThread2" daemon [_thread_blocked, id=24196, stack(0x000000c6ff600000,0x000000c6ff700000)]
  0x00000213b34b2c30 JavaThread "build event listener" [_thread_blocked, id=6384, stack(0x000000c6ff800000,0x000000c6ff900000)]
  0x00000213b34b3650 JavaThread "Memory manager" [_thread_blocked, id=30552, stack(0x000000c6ff700000,0x000000c6ff800000)]
  0x00000213b34b68f0 JavaThread "Problems report writer" [_thread_blocked, id=5596, stack(0x000000c6ff900000,0x000000c6ffa00000)]
  0x00000213afba0030 JavaThread "C2 CompilerThread3" daemon [_thread_blocked, id=30244, stack(0x000000c6ffa00000,0x000000c6ffb00000)]
  0x00000213b3d96920 JavaThread "C2 CompilerThread4" daemon [_thread_blocked, id=32364, stack(0x000000c6ffb00000,0x000000c6ffc00000)]
  0x00000213b34b7820 JavaThread "ForkJoinPool.commonPool-worker-1" daemon [_thread_blocked, id=18944, stack(0x000000c6ffc00000,0x000000c6ffd00000)]
  0x00000213b34b59c0 JavaThread "ForkJoinPool.commonPool-worker-2" daemon [_thread_blocked, id=30932, stack(0x000000c6ffd00000,0x000000c6ffe00000)]
  0x00000213b34b63e0 JavaThread "ForkJoinPool.commonPool-worker-3" daemon [_thread_blocked, id=30120, stack(0x000000c6ffe00000,0x000000c6fff00000)]
  0x00000213b34b7d30 JavaThread "ForkJoinPool.commonPool-worker-4" daemon [_thread_blocked, id=27288, stack(0x000000c6fff00000,0x000000c700000000)]
  0x00000213b34b8240 JavaThread "ForkJoinPool.commonPool-worker-5" daemon [_thread_blocked, id=26652, stack(0x000000c680000000,0x000000c680100000)]
  0x00000213b34b4a90 JavaThread "ForkJoinPool.commonPool-worker-6" daemon [_thread_blocked, id=28684, stack(0x000000c680100000,0x000000c680200000)]
  0x00000213b34b8750 JavaThread "ForkJoinPool.commonPool-worker-7" daemon [_thread_blocked, id=32588, stack(0x000000c680200000,0x000000c680300000)]
  0x00000213b36e0700 JavaThread "ForkJoinPool.commonPool-worker-8" daemon [_thread_blocked, id=31480, stack(0x000000c680300000,0x000000c680400000)]
  0x00000213b36de8a0 JavaThread "ForkJoinPool.commonPool-worker-10" daemon [_thread_blocked, id=19528, stack(0x000000c680400000,0x000000c680500000)]
  0x00000213b36df2c0 JavaThread "ForkJoinPool.commonPool-worker-9" daemon [_thread_blocked, id=9764, stack(0x000000c680500000,0x000000c680600000)]
  0x00000213b36dcf50 JavaThread "ForkJoinPool.commonPool-worker-11" daemon [_thread_blocked, id=31912, stack(0x000000c680600000,0x000000c680700000)]
  0x00000213b36dd460 JavaThread "included builds" [_thread_blocked, id=28128, stack(0x000000c680700000,0x000000c680800000)]
  0x00000213b36e01f0 JavaThread "Execution worker" [_thread_blocked, id=28036, stack(0x000000c680800000,0x000000c680900000)]
  0x00000213b36dedb0 JavaThread "Execution worker Thread 2" [_thread_blocked, id=24272, stack(0x000000c680900000,0x000000c680a00000)]
  0x00000213b36e1120 JavaThread "Execution worker Thread 3" [_thread_blocked, id=20108, stack(0x000000c680a00000,0x000000c680b00000)]
  0x00000213b36dd970 JavaThread "Execution worker Thread 4" [_thread_blocked, id=12712, stack(0x000000c680b00000,0x000000c680c00000)]
  0x00000213b36e1630 JavaThread "Execution worker Thread 5" [_thread_blocked, id=15300, stack(0x000000c680c00000,0x000000c680d00000)]
  0x00000213b36dde80 JavaThread "Execution worker Thread 6" [_thread_blocked, id=29552, stack(0x000000c680d00000,0x000000c680e00000)]
  0x00000213b36e1b40 JavaThread "Execution worker Thread 7" [_thread_blocked, id=28604, stack(0x000000c680e00000,0x000000c680f00000)]
  0x00000213b36de390 JavaThread "Execution worker Thread 8" [_thread_blocked, id=31148, stack(0x000000c680f00000,0x000000c681000000)]
  0x00000213b36e2a70 JavaThread "Execution worker Thread 9" [_thread_blocked, id=26568, stack(0x000000c681000000,0x000000c681100000)]
  0x00000213b36e2f80 JavaThread "Execution worker Thread 10" [_thread_blocked, id=33344, stack(0x000000c681100000,0x000000c681200000)]
  0x00000213b36e2050 JavaThread "Execution worker Thread 11" [_thread_blocked, id=28308, stack(0x000000c681200000,0x000000c681300000)]
  0x00000213b36e48d0 JavaThread "Execution worker Thread 12" [_thread_blocked, id=17596, stack(0x000000c681300000,0x000000c681400000)]
  0x00000213b36e3490 JavaThread "Execution worker Thread 13" [_thread_blocked, id=10148, stack(0x000000c681400000,0x000000c681500000)]
  0x00000213b36e2560 JavaThread "Execution worker Thread 14" [_thread_blocked, id=27716, stack(0x000000c681500000,0x000000c681600000)]
  0x00000213b36e39a0 JavaThread "Execution worker Thread 15" [_thread_blocked, id=33416, stack(0x000000c681600000,0x000000c681700000)]
  0x00000213b36e3eb0 JavaThread "Cache worker for execution history cache (D:\AI_Personal_Buddy\AIAssistantApp\node_modules\@react-native\gradle-plugin\.gradle\9.3.1\executionHistory)" [_thread_blocked, id=11400, stack(0x000000c681700000,0x000000c681800000)]
  0x00000213b36e43c0 JavaThread "Unconstrained build operations Thread 52" [_thread_blocked, id=8020, stack(0x000000c681800000,0x000000c681900000)]
  0x00000213af0517e0 JavaThread "Unconstrained build operations Thread 53" [_thread_blocked, id=17088, stack(0x000000c681900000,0x000000c681a00000)]
  0x00000213b235fa30 JavaThread "Unconstrained build operations Thread 54" [_thread_blocked, id=30132, stack(0x000000c681a00000,0x000000c681b00000)]
  0x00000213b2360450 JavaThread "Unconstrained build operations Thread 55" [_thread_blocked, id=17792, stack(0x000000c681b00000,0x000000c681c00000)]
  0x00000213b2361380 JavaThread "Unconstrained build operations Thread 56" [_thread_blocked, id=31596, stack(0x000000c681c00000,0x000000c681d00000)]
  0x00000213b2360960 JavaThread "Unconstrained build operations Thread 57" [_thread_blocked, id=27144, stack(0x000000c681d00000,0x000000c681e00000)]
  0x00000213b2360e70 JavaThread "Unconstrained build operations Thread 58" [_thread_blocked, id=32148, stack(0x000000c681e00000,0x000000c681f00000)]
  0x00000213b235f520 JavaThread "Unconstrained build operations Thread 59" [_thread_blocked, id=32628, stack(0x000000c681f00000,0x000000c682000000)]
  0x00000213b235ff40 JavaThread "Unconstrained build operations Thread 60" [_thread_blocked, id=6028, stack(0x000000c682000000,0x000000c682100000)]
  0x00000213b2361890 JavaThread "Unconstrained build operations Thread 61" [_thread_blocked, id=10340, stack(0x000000c682100000,0x000000c682200000)]
  0x00000213b235e0e0 JavaThread "Unconstrained build operations Thread 62" [_thread_blocked, id=24460, stack(0x000000c682200000,0x000000c682300000)]
  0x00000213b235f010 JavaThread "Unconstrained build operations Thread 63" [_thread_blocked, id=29352, stack(0x000000c682300000,0x000000c682400000)]
  0x00000213b2361da0 JavaThread "Unconstrained build operations Thread 64" [_thread_blocked, id=31828, stack(0x000000c682400000,0x000000c682500000)]
  0x00000213b235e5f0 JavaThread "Unconstrained build operations Thread 65" [_thread_blocked, id=31344, stack(0x000000c682500000,0x000000c682600000)]
  0x00000213b235eb00 JavaThread "Unconstrained build operations Thread 66" [_thread_blocked, id=12464, stack(0x000000c682600000,0x000000c682700000)]
  0x00000213b2363c00 JavaThread "Unconstrained build operations Thread 67" [_thread_blocked, id=10936, stack(0x000000c682700000,0x000000c682800000)]
  0x00000213b2364620 JavaThread "Unconstrained build operations Thread 68" [_thread_blocked, id=23240, stack(0x000000c682800000,0x000000c682900000)]
  0x00000213b2362cd0 JavaThread "Unconstrained build operations Thread 69" [_thread_blocked, id=26656, stack(0x000000c682900000,0x000000c682a00000)]
  0x00000213b2364b30 JavaThread "Unconstrained build operations Thread 70" [_thread_blocked, id=24084, stack(0x000000c682a00000,0x000000c682b00000)]
  0x00000213b23631e0 JavaThread "Unconstrained build operations Thread 71" [_thread_blocked, id=23124, stack(0x000000c682b00000,0x000000c682c00000)]
  0x00000213b2365550 JavaThread "Unconstrained build operations Thread 72" [_thread_blocked, id=31928, stack(0x000000c682c00000,0x000000c682d00000)]
  0x00000213b2364110 JavaThread "Unconstrained build operations Thread 73" [_thread_blocked, id=17108, stack(0x000000c682d00000,0x000000c682e00000)]
  0x00000213b2365a60 JavaThread "Unconstrained build operations Thread 74" [_thread_blocked, id=24372, stack(0x000000c682e00000,0x000000c682f00000)]
  0x00000213b2365040 JavaThread "Unconstrained build operations Thread 75" [_thread_blocked, id=12676, stack(0x000000c682f00000,0x000000c683000000)]
  0x00000213b23622b0 JavaThread "Unconstrained build operations Thread 76" [_thread_blocked, id=32548, stack(0x000000c683000000,0x000000c683100000)]
  0x00000213b23627c0 JavaThread "Unconstrained build operations Thread 77" [_thread_blocked, id=4880, stack(0x000000c683100000,0x000000c683200000)]
  0x00000213b23636f0 JavaThread "Unconstrained build operations Thread 78" [_thread_blocked, id=9516, stack(0x000000c683200000,0x000000c683300000)]
  0x00000213b36b9320 JavaThread "Unconstrained build operations Thread 79" [_thread_blocked, id=12768, stack(0x000000c683300000,0x000000c683400000)]
  0x00000213b36b8e10 JavaThread "Unconstrained build operations Thread 80" [_thread_blocked, id=16912, stack(0x000000c683400000,0x000000c683500000)]
  0x00000213b36b6080 JavaThread "Unconstrained build operations Thread 81" [_thread_blocked, id=10444, stack(0x000000c683500000,0x000000c683600000)]
  0x00000213b36b74c0 JavaThread "Unconstrained build operations Thread 82" [_thread_blocked, id=32908, stack(0x000000c683600000,0x000000c683700000)]
  0x00000213b36b83f0 JavaThread "Unconstrained build operations Thread 83" [_thread_blocked, id=15768, stack(0x000000c683700000,0x000000c683800000)]
  0x00000213b36b6590 JavaThread "Unconstrained build operations Thread 84" [_thread_blocked, id=27620, stack(0x000000c683800000,0x000000c683900000)]
  0x00000213b36b6aa0 JavaThread "Unconstrained build operations Thread 85" [_thread_blocked, id=33780, stack(0x000000c683900000,0x000000c683a00000)]
  0x00000213b36b9830 JavaThread "Unconstrained build operations Thread 86" [_thread_blocked, id=24704, stack(0x000000c683a00000,0x000000c683b00000)]
  0x00000213b36b7ee0 JavaThread "Unconstrained build operations Thread 87" [_thread_blocked, id=23452, stack(0x000000c683b00000,0x000000c683c00000)]
  0x00000213b36ba250 JavaThread "Unconstrained build operations Thread 88" [_thread_blocked, id=11996, stack(0x000000c683c00000,0x000000c683d00000)]
  0x00000213b36b6fb0 JavaThread "Unconstrained build operations Thread 89" [_thread_blocked, id=26284, stack(0x000000c683d00000,0x000000c683e00000)]
  0x00000213b36bac70 JavaThread "Unconstrained build operations Thread 90" [_thread_blocked, id=14700, stack(0x000000c683e00000,0x000000c683f00000)]
  0x00000213b36bb180 JavaThread "Unconstrained build operations Thread 91" [_thread_blocked, id=27808, stack(0x000000c683f00000,0x000000c684000000)]
  0x00000213b36b9d40 JavaThread "Unconstrained build operations Thread 92" [_thread_blocked, id=4056, stack(0x000000c684000000,0x000000c684100000)]
  0x00000213b36b8900 JavaThread "Unconstrained build operations Thread 93" [_thread_blocked, id=2600, stack(0x000000c684100000,0x000000c684200000)]
  0x00000213b36ba760 JavaThread "Unconstrained build operations Thread 94" [_thread_blocked, id=11616, stack(0x000000c684200000,0x000000c684300000)]
  0x00000213b36b79d0 JavaThread "Unconstrained build operations Thread 95" [_thread_blocked, id=33488, stack(0x000000c684300000,0x000000c684400000)]
  0x00000213b36bc0b0 JavaThread "Unconstrained build operations Thread 96" [_thread_blocked, id=20796, stack(0x000000c684400000,0x000000c684500000)]
  0x00000213b36bc5c0 JavaThread "Unconstrained build operations Thread 97" [_thread_blocked, id=26548, stack(0x000000c684500000,0x000000c684600000)]
  0x00000213b36bbba0 JavaThread "Unconstrained build operations Thread 98" [_thread_blocked, id=12804, stack(0x000000c684600000,0x000000c684700000)]
  0x00000213b36bcfe0 JavaThread "Unconstrained build operations Thread 99" [_thread_blocked, id=30920, stack(0x000000c684700000,0x000000c684800000)]
  0x00000213b36bcad0 JavaThread "Unconstrained build operations Thread 100" [_thread_blocked, id=11196, stack(0x000000c684800000,0x000000c684900000)]
  0x00000213b36bda00 JavaThread "Unconstrained build operations Thread 101" [_thread_blocked, id=29272, stack(0x000000c684900000,0x000000c684a00000)]
  0x00000213b36bd4f0 JavaThread "Unconstrained build operations Thread 102" [_thread_blocked, id=9876, stack(0x000000c684a00000,0x000000c684b00000)]
  0x00000213b251f850 JavaThread "Unconstrained build operations Thread 103" [_thread_blocked, id=24684, stack(0x000000c684b00000,0x000000c684c00000)]
  0x00000213b2520270 JavaThread "Unconstrained build operations Thread 104" [_thread_blocked, id=29308, stack(0x000000c684c00000,0x000000c684d00000)]
  0x00000213b2520c90 JavaThread "Unconstrained build operations Thread 105" [_thread_blocked, id=29636, stack(0x000000c684d00000,0x000000c684e00000)]
  0x00000213b251fd60 JavaThread "Unconstrained build operations Thread 106" [_thread_blocked, id=32196, stack(0x000000c684e00000,0x000000c684f00000)]
  0x00000213b2521bc0 JavaThread "Unconstrained build operations Thread 107" [_thread_blocked, id=28136, stack(0x000000c684f00000,0x000000c685000000)]
  0x00000213b251e920 JavaThread "Unconstrained build operations Thread 108" [_thread_blocked, id=19864, stack(0x000000c685000000,0x000000c685100000)]
  0x00000213b251ee30 JavaThread "Unconstrained build operations Thread 109" [_thread_blocked, id=27448, stack(0x000000c685100000,0x000000c685200000)]
  0x00000213b2520780 JavaThread "Unconstrained build operations Thread 110" [_thread_blocked, id=28488, stack(0x000000c685200000,0x000000c685300000)]
  0x00000213b25211a0 JavaThread "Unconstrained build operations Thread 111" [_thread_blocked, id=21144, stack(0x000000c685300000,0x000000c685400000)]
  0x00000213b25216b0 JavaThread "Unconstrained build operations Thread 112" [_thread_blocked, id=25360, stack(0x000000c685400000,0x000000c685500000)]
  0x00000213b251f340 JavaThread "Unconstrained build operations Thread 113" [_thread_blocked, id=19452, stack(0x000000c685500000,0x000000c685600000)]
  0x00000213b251e410 JavaThread "Unconstrained build operations Thread 114" [_thread_blocked, id=5092, stack(0x000000c685600000,0x000000c685700000)]
  0x00000213aff20da0 JavaThread "Unconstrained build operations Thread 115" [_thread_blocked, id=10964, stack(0x000000c685700000,0x000000c685800000)]
  0x00000213aff23b30 JavaThread "Unconstrained build operations Thread 116" [_thread_blocked, id=28616, stack(0x000000c685800000,0x000000c685900000)]
  0x00000213aff23620 JavaThread "Unconstrained build operations Thread 117" [_thread_blocked, id=28920, stack(0x000000c685900000,0x000000c685a00000)]
  0x00000213aff221e0 JavaThread "Unconstrained build operations Thread 118" [_thread_blocked, id=29860, stack(0x000000c685a00000,0x000000c685b00000)]
  0x00000213aff21cd0 JavaThread "Unconstrained build operations Thread 119" [_thread_blocked, id=29472, stack(0x000000c685b00000,0x000000c685c00000)]
  0x00000213aff212b0 JavaThread "Unconstrained build operations Thread 120" [_thread_blocked, id=23696, stack(0x000000c685c00000,0x000000c685d00000)]
  0x00000213aff24040 JavaThread "Unconstrained build operations Thread 121" [_thread_blocked, id=22200, stack(0x000000c685d00000,0x000000c685e00000)]
  0x00000213aff22c00 JavaThread "Unconstrained build operations Thread 122" [_thread_blocked, id=19780, stack(0x000000c685e00000,0x000000c685f00000)]
  0x00000213aff20890 JavaThread "Unconstrained build operations Thread 123" [_thread_blocked, id=30196, stack(0x000000c685f00000,0x000000c686000000)]
  0x00000213aff226f0 JavaThread "Unconstrained build operations Thread 124" [_thread_blocked, id=31504, stack(0x000000c686000000,0x000000c686100000)]
  0x00000213aff23110 JavaThread "Unconstrained build operations Thread 125" [_thread_blocked, id=33036, stack(0x000000c686100000,0x000000c686200000)]
  0x00000213aff24550 JavaThread "Unconstrained build operations Thread 126" [_thread_blocked, id=21484, stack(0x000000c686200000,0x000000c686300000)]
  0x00000213aff24a60 JavaThread "Unconstrained build operations Thread 127" [_thread_blocked, id=29068, stack(0x000000c686300000,0x000000c686400000)]
  0x00000213aff24f70 JavaThread "Unconstrained build operations Thread 128" [_thread_blocked, id=31624, stack(0x000000c686400000,0x000000c686500000)]
  0x00000213aff272e0 JavaThread "jar transforms Thread 2" [_thread_blocked, id=22784, stack(0x000000c686500000,0x000000c686600000)]
  0x00000213aff25990 JavaThread "jar transforms Thread 3" [_thread_blocked, id=32400, stack(0x000000c686600000,0x000000c686700000)]
  0x00000213aff27d00 JavaThread "Unconstrained build operations Thread 129" [_thread_blocked, id=30420, stack(0x000000c686700000,0x000000c686800000)]
  0x00000213aff26dd0 JavaThread "Unconstrained build operations Thread 130" [_thread_blocked, id=24428, stack(0x000000c686800000,0x000000c686900000)]
  0x00000213aff277f0 JavaThread "Unconstrained build operations Thread 131" [_thread_blocked, id=23060, stack(0x000000c686900000,0x000000c686a00000)]
  0x00000213aff25ea0 JavaThread "Unconstrained build operations Thread 132" [_thread_blocked, id=28804, stack(0x000000c686a00000,0x000000c686b00000)]
  0x00000213aff28210 JavaThread "Unconstrained build operations Thread 133" [_thread_blocked, id=31116, stack(0x000000c686b00000,0x000000c686c00000)]
  0x00000213aff25480 JavaThread "Unconstrained build operations Thread 134" [_thread_blocked, id=17004, stack(0x000000c686c00000,0x000000c686d00000)]
  0x00000213aff263b0 JavaThread "Unconstrained build operations Thread 135" [_thread_blocked, id=12208, stack(0x000000c686d00000,0x000000c686e00000)]
  0x00000213ae070bc0 JavaThread "Unconstrained build operations Thread 136" [_thread_blocked, id=26684, stack(0x000000c686e00000,0x000000c686f00000)]
  0x00000213ae0706b0 JavaThread "Unconstrained build operations Thread 137" [_thread_blocked, id=32520, stack(0x000000c686f00000,0x000000c687000000)]
  0x00000213ae072510 JavaThread "Unconstrained build operations Thread 138" [_thread_blocked, id=30320, stack(0x000000c687000000,0x000000c687100000)]
  0x00000213ae0710d0 JavaThread "Unconstrained build operations Thread 139" [_thread_blocked, id=10188, stack(0x000000c687100000,0x000000c687200000)]
  0x00000213ae0715e0 JavaThread "Unconstrained build operations Thread 140" [_thread_blocked, id=7840, stack(0x000000c687200000,0x000000c687300000)]
  0x00000213ae071af0 JavaThread "Unconstrained build operations Thread 141" [_thread_blocked, id=29092, stack(0x000000c687300000,0x000000c687400000)]
  0x00000213ae072000 JavaThread "Unconstrained build operations Thread 142" [_thread_blocked, id=25636, stack(0x000000c687400000,0x000000c687500000)]
  0x00000213ae072a20 JavaThread "Unconstrained build operations Thread 143" [_thread_blocked, id=26364, stack(0x000000c687500000,0x000000c687600000)]
  0x00000213ae0701a0 JavaThread "Unconstrained build operations Thread 144" [_thread_blocked, id=12644, stack(0x000000c687600000,0x000000c687700000)]
  0x00000213ae06f780 JavaThread "Unconstrained build operations Thread 145" [_thread_blocked, id=13528, stack(0x000000c687700000,0x000000c687800000)]
  0x00000213ae06fc90 JavaThread "Unconstrained build operations Thread 146" [_thread_blocked, id=29076, stack(0x000000c687800000,0x000000c687900000)]
  0x00000213ae0766e0 JavaThread "Unconstrained build operations Thread 147" [_thread_blocked, id=22224, stack(0x000000c687900000,0x000000c687a00000)]
  0x00000213ae073e60 JavaThread "Unconstrained build operations Thread 148" [_thread_blocked, id=13444, stack(0x000000c687a00000,0x000000c687b00000)]
  0x00000213ae074370 JavaThread "Unconstrained build operations Thread 149" [_thread_blocked, id=27336, stack(0x000000c687b00000,0x000000c687c00000)]
  0x00000213ae074880 JavaThread "Unconstrained build operations Thread 150" [_thread_blocked, id=6996, stack(0x000000c687c00000,0x000000c687d00000)]
  0x00000213ae074d90 JavaThread "Unconstrained build operations Thread 151" [_thread_blocked, id=20172, stack(0x000000c687d00000,0x000000c687e00000)]
  0x00000213ae0752a0 JavaThread "Unconstrained build operations Thread 152" [_thread_blocked, id=26316, stack(0x000000c687e00000,0x000000c687f00000)]
  0x00000213ae073950 JavaThread "Unconstrained build operations Thread 153" [_thread_blocked, id=20780, stack(0x000000c687f00000,0x000000c688000000)]
  0x00000213ae072f30 JavaThread "Unconstrained build operations Thread 154" [_thread_blocked, id=10088, stack(0x000000c688200000,0x000000c688300000)]
  0x00000213ae075cc0 JavaThread "Unconstrained build operations Thread 155" [_thread_blocked, id=22728, stack(0x000000c688300000,0x000000c688400000)]
  0x00000213ae0757b0 JavaThread "Unconstrained build operations Thread 156" [_thread_blocked, id=32160, stack(0x000000c688400000,0x000000c688500000)]
  0x00000213ae0761d0 JavaThread "Unconstrained build operations Thread 157" [_thread_blocked, id=2924, stack(0x000000c688500000,0x000000c688600000)]
  0x00000213ae076bf0 JavaThread "Unconstrained build operations Thread 158" [_thread_blocked, id=32724, stack(0x000000c688600000,0x000000c688700000)]
  0x00000213ae073440 JavaThread "Unconstrained build operations Thread 159" [_thread_blocked, id=7592, stack(0x000000c688700000,0x000000c688800000)]
  0x00000213ae077100 JavaThread "Unconstrained build operations Thread 160" [_thread_blocked, id=29284, stack(0x000000c688800000,0x000000c688900000)]
  0x00000213b1d58500 JavaThread "C2 CompilerThread5" daemon [_thread_blocked, id=3608, stack(0x000000c688900000,0x000000c688a00000)]
  0x00000213b1671830 JavaThread "jar transforms Thread 4" [_thread_blocked, id=28368, stack(0x000000c688a00000,0x000000c688b00000)]

Other Threads:
=>0x00000213fc5ab3b0 VMThread "VM Thread" [stack: 0x000000c6f8a00000,0x000000c6f8b00000] [id=28988]
  0x00000213fd55e050 WatcherThread [stack: 0x000000c6f9a00000,0x000000c6f9b00000] [id=17992]
  0x00000213ea276940 GCTaskThread "GC Thread#0" [stack: 0x000000c6f8500000,0x000000c6f8600000] [id=33668]
  0x00000213fd8c65c0 GCTaskThread "GC Thread#1" [stack: 0x000000c6f9b00000,0x000000c6f9c00000] [id=24304]
  0x00000213fd8221d0 GCTaskThread "GC Thread#2" [stack: 0x000000c6f9c00000,0x000000c6f9d00000] [id=26844]
  0x00000213fd822490 GCTaskThread "GC Thread#3" [stack: 0x000000c6f9d00000,0x000000c6f9e00000] [id=9444]
  0x00000213fd8817a0 GCTaskThread "GC Thread#4" [stack: 0x000000c6f9e00000,0x000000c6f9f00000] [id=9352]
  0x00000213fda309e0 GCTaskThread "GC Thread#5" [stack: 0x000000c6f9f00000,0x000000c6fa000000] [id=32380]
  0x00000213fe672420 GCTaskThread "GC Thread#6" [stack: 0x000000c6faf00000,0x000000c6fb000000] [id=24560]
  0x00000213fe6729a0 GCTaskThread "GC Thread#7" [stack: 0x000000c6fb000000,0x000000c6fb100000] [id=28192]
  0x00000213fe672c60 GCTaskThread "GC Thread#8" [stack: 0x000000c6fb100000,0x000000c6fb200000] [id=25788]
  0x00000213fe6726e0 GCTaskThread "GC Thread#9" [stack: 0x000000c6fb200000,0x000000c6fb300000] [id=13736]
  0x00000213fe6731e0 GCTaskThread "GC Thread#10" [stack: 0x000000c6fb300000,0x000000c6fb400000] [id=25752]
  0x00000213fe6734a0 GCTaskThread "GC Thread#11" [stack: 0x000000c6fb400000,0x000000c6fb500000] [id=30936]
  0x00000213fe671be0 GCTaskThread "GC Thread#12" [stack: 0x000000c6fb500000,0x000000c6fb600000] [id=32700]
  0x00000213ea288370 ConcurrentGCThread "G1 Main Marker" [stack: 0x000000c6f8600000,0x000000c6f8700000] [id=20460]
  0x00000213ea289bb0 ConcurrentGCThread "G1 Conc#0" [stack: 0x000000c6f8700000,0x000000c6f8800000] [id=28916]
  0x00000213afad8f20 ConcurrentGCThread "G1 Conc#1" [stack: 0x000000c6fa000000,0x000000c6fa100000] [id=16752]
  0x00000213afad7920 ConcurrentGCThread "G1 Conc#2" [stack: 0x000000c6fb600000,0x000000c6fb700000] [id=26536]
  0x00000213ea2becc0 ConcurrentGCThread "G1 Refine#0" [stack: 0x000000c6f8800000,0x000000c6f8900000] [id=33472]
  0x00000213fc4e7480 ConcurrentGCThread "G1 Service" [stack: 0x000000c6f8900000,0x000000c6f8a00000] [id=30356]

Threads with active compile tasks:
C1 CompilerThread2    52002 12753       3       java.io.InputStream::readNBytes (292 bytes)

VM state: at safepoint (normal execution)

VM Mutex/Monitor currently owned by a thread:  ([mutex/lock_event])
[0x00000213e9ddb1b0] Threads_lock - owner thread: 0x00000213fc5ab3b0
[0x00000213ea212600] Heap_lock - owner thread: 0x00000213fdfa3db0

Heap address: 0x0000000080000000, size: 2048 MB, Compressed Oops mode: 32-bit

CDS archive(s) mapped at: [0x000002138f000000-0x000002138fbc0000-0x000002138fbc0000), size 12320768, SharedBaseAddress: 0x000002138f000000, ArchiveRelocationMode: 1.
Compressed class space mapped at: 0x0000021390000000-0x00000213aa000000, reserved size: 436207616
Narrow klass base: 0x000002138f000000, Narrow klass shift: 0, Narrow klass range: 0x100000000

GC Precious Log:
 CPUs: 16 total, 16 available
 Memory: 16108M
 Large Page Support: Disabled
 NUMA Support: Disabled
 Compressed Oops: Enabled (32-bit)
 Heap Region Size: 1M
 Heap Min Capacity: 8M
 Heap Initial Capacity: 252M
 Heap Max Capacity: 2G
 Pre-touch: Disabled
 Parallel Workers: 13
 Concurrent Workers: 3
 Concurrent Refinement Workers: 13
 Periodic GC: Disabled

Heap:
 garbage-first heap   total 166912K, used 86134K [0x0000000080000000, 0x0000000100000000)
  region size 1024K, 8 young (8192K), 8 survivors (8192K)
 Metaspace       used 80377K, committed 81408K, reserved 557056K
  class space    used 11258K, committed 11776K, reserved 425984K

Heap Regions: E=young(eden), S=young(survivor), O=old, HS=humongous(starts), HC=humongous(continues), CS=collection set, F=free, OA=open archive, CA=closed archive, TAMS=top-at-mark-start (previous, next)
|   0|0x0000000080000000, 0x0000000080100000, 0x0000000080100000|100%|HS|  |TAMS 0x0000000080100000, 0x0000000080100000| Complete 
|   1|0x0000000080100000, 0x0000000080200000, 0x0000000080200000|100%|HC|  |TAMS 0x0000000080200000, 0x0000000080200000| Complete 
|   2|0x0000000080200000, 0x0000000080300000, 0x0000000080300000|100%|HC|  |TAMS 0x0000000080300000, 0x0000000080300000| Complete 
|   3|0x0000000080300000, 0x0000000080400000, 0x0000000080400000|100%|HC|  |TAMS 0x0000000080400000, 0x0000000080400000| Complete 
|   4|0x0000000080400000, 0x0000000080500000, 0x0000000080500000|100%| O|  |TAMS 0x0000000080500000, 0x0000000080500000| Untracked 
|   5|0x0000000080500000, 0x0000000080600000, 0x0000000080600000|100%| O|  |TAMS 0x0000000080600000, 0x0000000080600000| Untracked 
|   6|0x0000000080600000, 0x0000000080700000, 0x0000000080700000|100%| O|  |TAMS 0x0000000080700000, 0x0000000080700000| Untracked 
|   7|0x0000000080700000, 0x0000000080800000, 0x0000000080800000|100%|HS|  |TAMS 0x0000000080800000, 0x0000000080800000| Complete 
|   8|0x0000000080800000, 0x0000000080900000, 0x0000000080900000|100%| O|  |TAMS 0x0000000080900000, 0x0000000080900000| Untracked 
|   9|0x0000000080900000, 0x0000000080a00000, 0x0000000080a00000|100%| O|  |TAMS 0x0000000080a00000, 0x0000000080a00000| Untracked 
|  10|0x0000000080a00000, 0x0000000080b00000, 0x0000000080b00000|100%| O|  |TAMS 0x0000000080b00000, 0x0000000080b00000| Untracked 
|  11|0x0000000080b00000, 0x0000000080c00000, 0x0000000080c00000|100%| O|  |TAMS 0x0000000080c00000, 0x0000000080c00000| Untracked 
|  12|0x0000000080c00000, 0x0000000080d00000, 0x0000000080d00000|100%| O|  |TAMS 0x0000000080d00000, 0x0000000080d00000| Untracked 
|  13|0x0000000080d00000, 0x0000000080e00000, 0x0000000080e00000|100%| O|  |TAMS 0x0000000080e00000, 0x0000000080e00000| Untracked 
|  14|0x0000000080e00000, 0x0000000080f00000, 0x0000000080f00000|100%| O|  |TAMS 0x0000000080f00000, 0x0000000080f00000| Untracked 
|  15|0x0000000080f00000, 0x0000000081000000, 0x0000000081000000|100%| O|  |TAMS 0x0000000081000000, 0x0000000081000000| Untracked 
|  16|0x0000000081000000, 0x0000000081100000, 0x0000000081100000|100%| O|  |TAMS 0x0000000081100000, 0x0000000081100000| Untracked 
|  17|0x0000000081100000, 0x0000000081200000, 0x0000000081200000|100%| O|  |TAMS 0x0000000081200000, 0x0000000081200000| Untracked 
|  18|0x0000000081200000, 0x0000000081300000, 0x0000000081300000|100%| O|  |TAMS 0x0000000081300000, 0x0000000081300000| Untracked 
|  19|0x0000000081300000, 0x0000000081400000, 0x0000000081400000|100%| O|  |TAMS 0x0000000081400000, 0x0000000081400000| Untracked 
|  20|0x0000000081400000, 0x0000000081500000, 0x0000000081500000|100%| O|  |TAMS 0x0000000081500000, 0x0000000081500000| Untracked 
|  21|0x0000000081500000, 0x0000000081600000, 0x0000000081600000|100%| O|  |TAMS 0x0000000081600000, 0x0000000081600000| Untracked 
|  22|0x0000000081600000, 0x0000000081700000, 0x0000000081700000|100%| O|  |TAMS 0x0000000081700000, 0x0000000081700000| Untracked 
|  23|0x0000000081700000, 0x0000000081800000, 0x0000000081800000|100%| O|  |TAMS 0x0000000081800000, 0x0000000081800000| Untracked 
|  24|0x0000000081800000, 0x0000000081900000, 0x0000000081900000|100%| O|  |TAMS 0x0000000081900000, 0x0000000081900000| Untracked 
|  25|0x0000000081900000, 0x0000000081a00000, 0x0000000081a00000|100%| O|  |TAMS 0x0000000081a00000, 0x0000000081a00000| Untracked 
|  26|0x0000000081a00000, 0x0000000081b00000, 0x0000000081b00000|100%| O|  |TAMS 0x0000000081b00000, 0x0000000081b00000| Untracked 
|  27|0x0000000081b00000, 0x0000000081c00000, 0x0000000081c00000|100%| O|  |TAMS 0x0000000081c00000, 0x0000000081c00000| Untracked 
|  28|0x0000000081c00000, 0x0000000081d00000, 0x0000000081d00000|100%| O|  |TAMS 0x0000000081d00000, 0x0000000081d00000| Untracked 
|  29|0x0000000081d00000, 0x0000000081e00000, 0x0000000081e00000|100%| O|  |TAMS 0x0000000081e00000, 0x0000000081e00000| Untracked 
|  30|0x0000000081e00000, 0x0000000081f00000, 0x0000000081f00000|100%| O|  |TAMS 0x0000000081e00000, 0x0000000081f00000| Untracked 
|  31|0x0000000081f00000, 0x0000000082000000, 0x0000000082000000|100%| O|  |TAMS 0x0000000082000000, 0x0000000082000000| Untracked 
|  32|0x0000000082000000, 0x0000000082100000, 0x0000000082100000|100%| O|  |TAMS 0x0000000082100000, 0x0000000082100000| Untracked 
|  33|0x0000000082100000, 0x0000000082200000, 0x0000000082200000|100%| O|  |TAMS 0x0000000082200000, 0x0000000082200000| Untracked 
|  34|0x0000000082200000, 0x0000000082300000, 0x0000000082300000|100%| O|  |TAMS 0x0000000082300000, 0x0000000082300000| Untracked 
|  35|0x0000000082300000, 0x0000000082400000, 0x0000000082400000|100%| O|  |TAMS 0x00000000823ad600, 0x0000000082400000| Untracked 
|  36|0x0000000082400000, 0x0000000082500000, 0x0000000082500000|100%|HS|  |TAMS 0x0000000082500000, 0x0000000082500000| Complete 
|  37|0x0000000082500000, 0x0000000082600000, 0x0000000082600000|100%|HC|  |TAMS 0x0000000082600000, 0x0000000082600000| Complete 
|  38|0x0000000082600000, 0x0000000082700000, 0x0000000082700000|100%|HC|  |TAMS 0x0000000082700000, 0x0000000082700000| Complete 
|  39|0x0000000082700000, 0x0000000082800000, 0x0000000082800000|100%|HS|  |TAMS 0x0000000082800000, 0x0000000082800000| Complete 
|  40|0x0000000082800000, 0x0000000082900000, 0x0000000082900000|100%|HC|  |TAMS 0x0000000082900000, 0x0000000082900000| Complete 
|  41|0x0000000082900000, 0x0000000082a00000, 0x0000000082a00000|100%|HC|  |TAMS 0x0000000082a00000, 0x0000000082a00000| Complete 
|  42|0x0000000082a00000, 0x0000000082b00000, 0x0000000082b00000|100%| O|  |TAMS 0x0000000082a00000, 0x0000000082b00000| Untracked 
|  43|0x0000000082b00000, 0x0000000082c00000, 0x0000000082c00000|100%| O|  |TAMS 0x0000000082b00000, 0x0000000082c00000| Untracked 
|  44|0x0000000082c00000, 0x0000000082d00000, 0x0000000082d00000|100%| O|  |TAMS 0x0000000082c00000, 0x0000000082d00000| Untracked 
|  45|0x0000000082d00000, 0x0000000082e00000, 0x0000000082e00000|100%| O|  |TAMS 0x0000000082d00000, 0x0000000082e00000| Untracked 
|  46|0x0000000082e00000, 0x0000000082f00000, 0x0000000082f00000|100%| O|  |TAMS 0x0000000082e00000, 0x0000000082f00000| Untracked 
|  47|0x0000000082f00000, 0x0000000083000000, 0x0000000083000000|100%| O|  |TAMS 0x0000000082f00000, 0x0000000083000000| Untracked 
|  48|0x0000000083000000, 0x0000000083100000, 0x0000000083100000|100%| O|  |TAMS 0x0000000083000000, 0x0000000083100000| Untracked 
|  49|0x0000000083100000, 0x0000000083200000, 0x0000000083200000|100%| O|  |TAMS 0x0000000083100000, 0x0000000083200000| Untracked 
|  50|0x0000000083200000, 0x0000000083300000, 0x0000000083300000|100%| O|  |TAMS 0x0000000083200000, 0x0000000083300000| Untracked 
|  51|0x0000000083300000, 0x0000000083400000, 0x0000000083400000|100%| O|  |TAMS 0x0000000083300000, 0x0000000083400000| Untracked 
|  52|0x0000000083400000, 0x0000000083500000, 0x0000000083500000|100%| O|  |TAMS 0x0000000083400000, 0x0000000083500000| Untracked 
|  53|0x0000000083500000, 0x0000000083600000, 0x0000000083600000|100%| O|  |TAMS 0x0000000083500000, 0x0000000083600000| Untracked 
|  54|0x0000000083600000, 0x0000000083700000, 0x0000000083700000|100%| O|  |TAMS 0x0000000083600000, 0x0000000083700000| Untracked 
|  55|0x0000000083700000, 0x0000000083800000, 0x0000000083800000|100%| O|  |TAMS 0x0000000083700000, 0x0000000083800000| Untracked 
|  56|0x0000000083800000, 0x0000000083900000, 0x0000000083900000|100%| O|  |TAMS 0x0000000083800000, 0x0000000083900000| Untracked 
|  57|0x0000000083900000, 0x0000000083a00000, 0x0000000083a00000|100%| O|  |TAMS 0x0000000083900000, 0x0000000083a00000| Untracked 
|  58|0x0000000083a00000, 0x0000000083b00000, 0x0000000083b00000|100%| O|  |TAMS 0x0000000083a00000, 0x0000000083b00000| Untracked 
|  59|0x0000000083b00000, 0x0000000083c00000, 0x0000000083c00000|100%| O|  |TAMS 0x0000000083b00000, 0x0000000083c00000| Untracked 
|  60|0x0000000083c00000, 0x0000000083d00000, 0x0000000083d00000|100%| O|  |TAMS 0x0000000083c00000, 0x0000000083d00000| Untracked 
|  61|0x0000000083d00000, 0x0000000083e00000, 0x0000000083e00000|100%| O|  |TAMS 0x0000000083d00000, 0x0000000083e00000| Untracked 
|  62|0x0000000083e00000, 0x0000000083f00000, 0x0000000083f00000|100%| O|  |TAMS 0x0000000083e00000, 0x0000000083f00000| Untracked 
|  63|0x0000000083f00000, 0x0000000084000000, 0x0000000084000000|100%| O|  |TAMS 0x0000000083f00000, 0x0000000084000000| Untracked 
|  64|0x0000000084000000, 0x0000000084100000, 0x0000000084100000|100%| O|  |TAMS 0x0000000084000000, 0x0000000084100000| Untracked 
|  65|0x0000000084100000, 0x0000000084200000, 0x0000000084200000|100%| O|  |TAMS 0x0000000084100000, 0x0000000084200000| Untracked 
|  66|0x0000000084200000, 0x0000000084300000, 0x0000000084300000|100%| O|  |TAMS 0x0000000084200000, 0x0000000084300000| Untracked 
|  67|0x0000000084300000, 0x0000000084400000, 0x0000000084400000|100%| O|  |TAMS 0x0000000084300000, 0x0000000084400000| Untracked 
|  68|0x0000000084400000, 0x0000000084500000, 0x0000000084500000|100%| O|  |TAMS 0x0000000084400000, 0x0000000084500000| Untracked 
|  69|0x0000000084500000, 0x0000000084600000, 0x0000000084600000|100%|HS|  |TAMS 0x0000000084500000, 0x0000000084600000| Complete 
|  70|0x0000000084600000, 0x0000000084700000, 0x0000000084700000|100%|HS|  |TAMS 0x0000000084600000, 0x0000000084700000| Complete 
|  71|0x0000000084700000, 0x0000000084800000, 0x0000000084800000|100%|HS|  |TAMS 0x0000000084700000, 0x0000000084800000| Complete 
|  72|0x0000000084800000, 0x0000000084900000, 0x0000000084900000|100%|HS|  |TAMS 0x0000000084800000, 0x0000000084900000| Complete 
|  73|0x0000000084900000, 0x0000000084a00000, 0x0000000084a00000|100%| O|  |TAMS 0x0000000084900000, 0x0000000084900000| Untracked 
|  74|0x0000000084a00000, 0x0000000084b00000, 0x0000000084b00000|100%| O|  |TAMS 0x0000000084a00000, 0x0000000084a00000| Untracked 
|  75|0x0000000084b00000, 0x0000000084c00000, 0x0000000084c00000|100%| O|  |TAMS 0x0000000084b00000, 0x0000000084b00000| Untracked 
|  76|0x0000000084c00000, 0x0000000084c55e00, 0x0000000084d00000| 33%| O|  |TAMS 0x0000000084c00000, 0x0000000084c00000| Untracked 
|  77|0x0000000084d00000, 0x0000000084d00000, 0x0000000084e00000|  0%| F|  |TAMS 0x0000000084d00000, 0x0000000084d00000| Untracked 
|  78|0x0000000084e00000, 0x0000000084e00000, 0x0000000084f00000|  0%| F|  |TAMS 0x0000000084e00000, 0x0000000084e00000| Untracked 
|  79|0x0000000084f00000, 0x0000000084f00000, 0x0000000085000000|  0%| F|  |TAMS 0x0000000084f00000, 0x0000000084f00000| Untracked 
|  80|0x0000000085000000, 0x0000000085000000, 0x0000000085100000|  0%| F|  |TAMS 0x0000000085000000, 0x0000000085000000| Untracked 
|  81|0x0000000085100000, 0x0000000085100000, 0x0000000085200000|  0%| F|  |TAMS 0x0000000085100000, 0x0000000085100000| Untracked 
|  82|0x0000000085200000, 0x0000000085200000, 0x0000000085300000|  0%| F|  |TAMS 0x0000000085200000, 0x0000000085200000| Untracked 
|  83|0x0000000085300000, 0x0000000085300000, 0x0000000085400000|  0%| F|  |TAMS 0x0000000085300000, 0x0000000085300000| Untracked 
|  84|0x0000000085400000, 0x0000000085400000, 0x0000000085500000|  0%| F|  |TAMS 0x0000000085400000, 0x0000000085400000| Untracked 
|  85|0x0000000085500000, 0x0000000085500000, 0x0000000085600000|  0%| F|  |TAMS 0x0000000085500000, 0x0000000085500000| Untracked 
|  86|0x0000000085600000, 0x0000000085600000, 0x0000000085700000|  0%| F|  |TAMS 0x0000000085600000, 0x0000000085600000| Untracked 
|  87|0x0000000085700000, 0x0000000085700000, 0x0000000085800000|  0%| F|  |TAMS 0x0000000085700000, 0x0000000085700000| Untracked 
|  88|0x0000000085800000, 0x0000000085800000, 0x0000000085900000|  0%| F|  |TAMS 0x0000000085800000, 0x0000000085800000| Untracked 
|  89|0x0000000085900000, 0x0000000085900000, 0x0000000085a00000|  0%| F|  |TAMS 0x0000000085900000, 0x0000000085900000| Untracked 
|  90|0x0000000085a00000, 0x0000000085a00000, 0x0000000085b00000|  0%| F|  |TAMS 0x0000000085a00000, 0x0000000085a00000| Untracked 
|  91|0x0000000085b00000, 0x0000000085b00000, 0x0000000085c00000|  0%| F|  |TAMS 0x0000000085b00000, 0x0000000085b00000| Untracked 
|  92|0x0000000085c00000, 0x0000000085c00000, 0x0000000085d00000|  0%| F|  |TAMS 0x0000000085c00000, 0x0000000085c00000| Untracked 
|  93|0x0000000085d00000, 0x0000000085d00000, 0x0000000085e00000|  0%| F|  |TAMS 0x0000000085d00000, 0x0000000085d00000| Untracked 
|  94|0x0000000085e00000, 0x0000000085e00000, 0x0000000085f00000|  0%| F|  |TAMS 0x0000000085e00000, 0x0000000085e00000| Untracked 
|  95|0x0000000085f00000, 0x0000000085f00000, 0x0000000086000000|  0%| F|  |TAMS 0x0000000085f00000, 0x0000000085f00000| Untracked 
|  96|0x0000000086000000, 0x0000000086000000, 0x0000000086100000|  0%| F|  |TAMS 0x0000000086000000, 0x0000000086000000| Untracked 
|  97|0x0000000086100000, 0x0000000086100000, 0x0000000086200000|  0%| F|  |TAMS 0x0000000086100000, 0x0000000086100000| Untracked 
|  98|0x0000000086200000, 0x0000000086200000, 0x0000000086300000|  0%| F|  |TAMS 0x0000000086200000, 0x0000000086200000| Untracked 
|  99|0x0000000086300000, 0x0000000086300000, 0x0000000086400000|  0%| F|  |TAMS 0x0000000086300000, 0x0000000086300000| Untracked 
| 100|0x0000000086400000, 0x0000000086400000, 0x0000000086500000|  0%| F|  |TAMS 0x0000000086400000, 0x0000000086400000| Untracked 
| 101|0x0000000086500000, 0x0000000086500000, 0x0000000086600000|  0%| F|  |TAMS 0x0000000086500000, 0x0000000086500000| Untracked 
| 102|0x0000000086600000, 0x0000000086600000, 0x0000000086700000|  0%| F|  |TAMS 0x0000000086600000, 0x0000000086600000| Untracked 
| 103|0x0000000086700000, 0x0000000086700000, 0x0000000086800000|  0%| F|  |TAMS 0x0000000086700000, 0x0000000086700000| Untracked 
| 104|0x0000000086800000, 0x0000000086800000, 0x0000000086900000|  0%| F|  |TAMS 0x0000000086800000, 0x0000000086800000| Untracked 
| 105|0x0000000086900000, 0x0000000086900000, 0x0000000086a00000|  0%| F|  |TAMS 0x0000000086900000, 0x0000000086900000| Untracked 
| 106|0x0000000086a00000, 0x0000000086a00000, 0x0000000086b00000|  0%| F|  |TAMS 0x0000000086a00000, 0x0000000086a00000| Untracked 
| 107|0x0000000086b00000, 0x0000000086b00000, 0x0000000086c00000|  0%| F|  |TAMS 0x0000000086b00000, 0x0000000086b00000| Untracked 
| 108|0x0000000086c00000, 0x0000000086c00000, 0x0000000086d00000|  0%| F|  |TAMS 0x0000000086c00000, 0x0000000086c00000| Untracked 
| 109|0x0000000086d00000, 0x0000000086d00000, 0x0000000086e00000|  0%| F|  |TAMS 0x0000000086d00000, 0x0000000086d00000| Untracked 
| 110|0x0000000086e00000, 0x0000000086e00000, 0x0000000086f00000|  0%| F|  |TAMS 0x0000000086e00000, 0x0000000086e00000| Untracked 
| 111|0x0000000086f00000, 0x0000000086f00000, 0x0000000087000000|  0%| F|  |TAMS 0x0000000086f00000, 0x0000000086f00000| Untracked 
| 112|0x0000000087000000, 0x0000000087000000, 0x0000000087100000|  0%| F|  |TAMS 0x0000000087000000, 0x0000000087000000| Untracked 
| 113|0x0000000087100000, 0x0000000087100000, 0x0000000087200000|  0%| F|  |TAMS 0x0000000087100000, 0x0000000087100000| Untracked 
| 114|0x0000000087200000, 0x0000000087200000, 0x0000000087300000|  0%| F|  |TAMS 0x0000000087200000, 0x0000000087200000| Untracked 
| 115|0x0000000087300000, 0x0000000087300000, 0x0000000087400000|  0%| F|  |TAMS 0x0000000087300000, 0x0000000087300000| Untracked 
| 116|0x0000000087400000, 0x0000000087400000, 0x0000000087500000|  0%| F|  |TAMS 0x0000000087400000, 0x0000000087400000| Untracked 
| 117|0x0000000087500000, 0x0000000087500000, 0x0000000087600000|  0%| F|  |TAMS 0x0000000087500000, 0x0000000087500000| Untracked 
| 118|0x0000000087600000, 0x0000000087600000, 0x0000000087700000|  0%| F|  |TAMS 0x0000000087600000, 0x0000000087600000| Untracked 
| 119|0x0000000087700000, 0x0000000087700000, 0x0000000087800000|  0%| F|  |TAMS 0x0000000087700000, 0x0000000087700000| Untracked 
| 120|0x0000000087800000, 0x0000000087800000, 0x0000000087900000|  0%| F|  |TAMS 0x0000000087800000, 0x0000000087800000| Untracked 
| 121|0x0000000087900000, 0x0000000087900000, 0x0000000087a00000|  0%| F|  |TAMS 0x0000000087900000, 0x0000000087900000| Untracked 
| 122|0x0000000087a00000, 0x0000000087a00000, 0x0000000087b00000|  0%| F|  |TAMS 0x0000000087a00000, 0x0000000087a00000| Untracked 
| 123|0x0000000087b00000, 0x0000000087b00000, 0x0000000087c00000|  0%| F|  |TAMS 0x0000000087b00000, 0x0000000087b00000| Untracked 
| 124|0x0000000087c00000, 0x0000000087c00000, 0x0000000087d00000|  0%| F|  |TAMS 0x0000000087c00000, 0x0000000087c00000| Untracked 
| 125|0x0000000087d00000, 0x0000000087d00000, 0x0000000087e00000|  0%| F|  |TAMS 0x0000000087d00000, 0x0000000087d00000| Untracked 
| 126|0x0000000087e00000, 0x0000000087e00000, 0x0000000087f00000|  0%| F|  |TAMS 0x0000000087e00000, 0x0000000087e00000| Untracked 
| 127|0x0000000087f00000, 0x0000000087f00000, 0x0000000088000000|  0%| F|  |TAMS 0x0000000087f00000, 0x0000000087f00000| Untracked 
| 128|0x0000000088000000, 0x0000000088000000, 0x0000000088100000|  0%| F|  |TAMS 0x0000000088000000, 0x0000000088000000| Untracked 
| 129|0x0000000088100000, 0x0000000088100000, 0x0000000088200000|  0%| F|  |TAMS 0x0000000088100000, 0x0000000088100000| Untracked 
| 130|0x0000000088200000, 0x0000000088200000, 0x0000000088300000|  0%| F|  |TAMS 0x0000000088200000, 0x0000000088200000| Untracked 
| 131|0x0000000088300000, 0x0000000088300000, 0x0000000088400000|  0%| F|  |TAMS 0x0000000088300000, 0x0000000088300000| Untracked 
| 132|0x0000000088400000, 0x0000000088400000, 0x0000000088500000|  0%| F|  |TAMS 0x0000000088400000, 0x0000000088400000| Untracked 
| 133|0x0000000088500000, 0x0000000088500000, 0x0000000088600000|  0%| F|  |TAMS 0x0000000088500000, 0x0000000088500000| Untracked 
| 134|0x0000000088600000, 0x0000000088600000, 0x0000000088700000|  0%| F|  |TAMS 0x0000000088600000, 0x0000000088600000| Untracked 
| 135|0x0000000088700000, 0x0000000088700000, 0x0000000088800000|  0%| F|  |TAMS 0x0000000088700000, 0x0000000088700000| Untracked 
| 136|0x0000000088800000, 0x0000000088800000, 0x0000000088900000|  0%| F|  |TAMS 0x0000000088800000, 0x0000000088800000| Untracked 
| 137|0x0000000088900000, 0x0000000088900000, 0x0000000088a00000|  0%| F|  |TAMS 0x0000000088900000, 0x0000000088900000| Untracked 
| 138|0x0000000088a00000, 0x0000000088a00000, 0x0000000088b00000|  0%| F|  |TAMS 0x0000000088a00000, 0x0000000088a00000| Untracked 
| 139|0x0000000088b00000, 0x0000000088b00000, 0x0000000088c00000|  0%| F|  |TAMS 0x0000000088b00000, 0x0000000088b00000| Untracked 
| 140|0x0000000088c00000, 0x0000000088c00000, 0x0000000088d00000|  0%| F|  |TAMS 0x0000000088c00000, 0x0000000088c00000| Untracked 
| 141|0x0000000088d00000, 0x0000000088d00000, 0x0000000088e00000|  0%| F|  |TAMS 0x0000000088d00000, 0x0000000088d00000| Untracked 
| 142|0x0000000088e00000, 0x0000000088ec7b90, 0x0000000088f00000| 78%| S|CS|TAMS 0x0000000088e00000, 0x0000000088e00000| Complete 
| 143|0x0000000088f00000, 0x0000000089000000, 0x0000000089000000|100%| S|CS|TAMS 0x0000000088f00000, 0x0000000088f00000| Complete 
| 144|0x0000000089000000, 0x0000000089100000, 0x0000000089100000|100%| S|CS|TAMS 0x0000000089000000, 0x0000000089000000| Complete 
| 145|0x0000000089100000, 0x0000000089200000, 0x0000000089200000|100%| S|CS|TAMS 0x0000000089100000, 0x0000000089100000| Complete 
| 146|0x0000000089200000, 0x0000000089300000, 0x0000000089300000|100%| S|CS|TAMS 0x0000000089200000, 0x0000000089200000| Complete 
| 147|0x0000000089300000, 0x0000000089400000, 0x0000000089400000|100%| S|CS|TAMS 0x0000000089300000, 0x0000000089300000| Complete 
| 148|0x0000000089400000, 0x0000000089500000, 0x0000000089500000|100%| S|CS|TAMS 0x0000000089400000, 0x0000000089400000| Complete 
| 149|0x0000000089500000, 0x0000000089600000, 0x0000000089600000|100%| S|CS|TAMS 0x0000000089500000, 0x0000000089500000| Complete 
| 150|0x0000000089600000, 0x0000000089600000, 0x0000000089700000|  0%| F|  |TAMS 0x0000000089600000, 0x0000000089600000| Untracked 
| 151|0x0000000089700000, 0x0000000089700000, 0x0000000089800000|  0%| F|  |TAMS 0x0000000089700000, 0x0000000089700000| Untracked 
| 152|0x0000000089800000, 0x0000000089800000, 0x0000000089900000|  0%| F|  |TAMS 0x0000000089800000, 0x0000000089800000| Untracked 
| 153|0x0000000089900000, 0x0000000089900000, 0x0000000089a00000|  0%| F|  |TAMS 0x0000000089900000, 0x0000000089900000| Untracked 
| 154|0x0000000089a00000, 0x0000000089a00000, 0x0000000089b00000|  0%| F|  |TAMS 0x0000000089a00000, 0x0000000089a00000| Untracked 
| 155|0x0000000089b00000, 0x0000000089b00000, 0x0000000089c00000|  0%| F|  |TAMS 0x0000000089b00000, 0x0000000089b00000| Untracked 
| 156|0x0000000089c00000, 0x0000000089c00000, 0x0000000089d00000|  0%| F|  |TAMS 0x0000000089c00000, 0x0000000089c00000| Untracked 
| 157|0x0000000089d00000, 0x0000000089d00000, 0x0000000089e00000|  0%| F|  |TAMS 0x0000000089d00000, 0x0000000089d00000| Untracked 
| 158|0x0000000089e00000, 0x0000000089e00000, 0x0000000089f00000|  0%| F|  |TAMS 0x0000000089e00000, 0x0000000089e00000| Untracked 
| 159|0x0000000089f00000, 0x0000000089f00000, 0x000000008a000000|  0%| F|  |TAMS 0x0000000089f00000, 0x0000000089f00000| Untracked 
| 243|0x000000008f300000, 0x000000008f300000, 0x000000008f400000|  0%| F|  |TAMS 0x000000008f300000, 0x000000008f300000| Untracked 
| 244|0x000000008f400000, 0x000000008f400000, 0x000000008f500000|  0%| F|  |TAMS 0x000000008f400000, 0x000000008f400000| Untracked 
| 251|0x000000008fb00000, 0x000000008fb00000, 0x000000008fc00000|  0%| F|  |TAMS 0x000000008fb00000, 0x000000008fb00000| Untracked 

Card table byte_map: [0x00000213f5a30000,0x00000213f5e30000] _byte_map_base: 0x00000213f5630000

Marking Bits (Prev, Next): (CMBitMap*) 0x00000213ea276db0, (CMBitMap*) 0x00000213ea276d70
 Prev Bits: [0x00000213f8230000, 0x00000213fa230000)
 Next Bits: [0x00000213f6230000, 0x00000213f8230000)

Polling page: 0x00000213e9f30000

Metaspace:

Usage:
  Non-class:     67.50 MB used.
      Class:     10.99 MB used.
       Both:     78.49 MB used.

Virtual space:
  Non-class space:      128.00 MB reserved,      68.00 MB ( 53%) committed,  2 nodes.
      Class space:      416.00 MB reserved,      11.50 MB (  3%) committed,  1 nodes.
             Both:      544.00 MB reserved,      79.50 MB ( 15%) committed. 

Chunk freelists:
   Non-Class:  11.91 MB
       Class:  4.50 MB
        Both:  16.41 MB

MaxMetaspaceSize: 512.00 MB
CompressedClassSpaceSize: 416.00 MB
Initial GC threshold: 21.00 MB
Current GC threshold: 97.94 MB
CDS: on
MetaspaceReclaimPolicy: balanced
 - commit_granule_bytes: 65536.
 - commit_granule_words: 8192.
 - virtual_space_node_default_size: 8388608.
 - enlarge_chunks_in_place: 1.
 - new_chunks_are_fully_committed: 0.
 - uncommit_free_chunks: 1.
 - use_allocation_guard: 0.
 - handle_deallocations: 1.


Internal statistics:

num_allocs_failed_limit: 9.
num_arena_births: 1452.
num_arena_deaths: 0.
num_vsnodes_births: 3.
num_vsnodes_deaths: 0.
num_space_committed: 1272.
num_space_uncommitted: 0.
num_chunks_returned_to_freelist: 9.
num_chunks_taken_from_freelist: 4961.
num_chunk_merges: 9.
num_chunk_splits: 3145.
num_chunks_enlarged: 1918.
num_inconsistent_stats: 0.

CodeHeap 'non-profiled nmethods': size=119168Kb used=6640Kb max_used=6640Kb free=112527Kb
 bounds [0x0000021387ba0000, 0x0000021388220000, 0x000002138f000000]
CodeHeap 'profiled nmethods': size=119104Kb used=21701Kb max_used=21701Kb free=97402Kb
 bounds [0x0000021380000000, 0x0000021381540000, 0x0000021387450000]
CodeHeap 'non-nmethods': size=7488Kb used=3438Kb max_used=3516Kb free=4049Kb
 bounds [0x0000021387450000, 0x00000213877d0000, 0x0000021387ba0000]
 total_blobs=12049 nmethods=11203 adapters=755
 compilation: enabled
              stopped_count=0, restarted_count=0
 full_count=0

Compilation events (20 events):
Event: 51.893 Thread 0x00000213fd65be10 12747       4       org.gradle.internal.reflect.ClassInspector::inspectClass (179 bytes)
Event: 51.900 Thread 0x00000213fc5ce260 nmethod 12744 0x0000021388201990 code [0x0000021388201ba0, 0x00000213882024e0]
Event: 51.900 Thread 0x00000213fc5ce260 12715       4       org.gradle.cache.internal.btree.FileBackedBlockStore::access$302 (7 bytes)
Event: 51.901 Thread 0x00000213fc5ce260 nmethod 12715 0x0000021388202e90 code [0x0000021388203000, 0x0000021388203078]
Event: 51.903 Thread 0x00000213afba0030 nmethod 12742 0x0000021388203190 code [0x00000213882033e0, 0x00000213882044f0]
Event: 51.914 Thread 0x00000213b0a55040 nmethod 12737 0x0000021388204f90 code [0x0000021388205320, 0x0000021388207100]
Event: 51.916 Thread 0x00000213b3d96920 nmethod 12745 0x0000021388208b10 code [0x0000021388208e00, 0x000002138820abe0]
Event: 51.939 Thread 0x00000213b3d96920 12748       4       java.util.ImmutableCollections$MapN::get (35 bytes)
Event: 51.940 Thread 0x00000213b1d58500 nmethod 12741 0x000002138820c210 code [0x000002138820c6a0, 0x000002138820ff80]
Event: 51.948 Thread 0x00000213b3d96920 nmethod 12748 0x0000021388213290 code [0x0000021388213440, 0x0000021388213c78]
Event: 51.968 Thread 0x00000213fd65be10 nmethod 12747 0x0000021388214110 code [0x0000021388214560, 0x0000021388219428]
Event: 51.969 Thread 0x00000213fd63dc70 12749       3       jdk.internal.util.jar.JarIndex::addToList (59 bytes)
Event: 51.969 Thread 0x00000213fd63dc70 nmethod 12749 0x0000021381531f10 code [0x0000021381532140, 0x0000021381532a28]
Event: 51.976 Thread 0x00000213b1bf0050 12750   !   3       java.util.zip.ZipFile::getInputStream (275 bytes)
Event: 51.976 Thread 0x00000213b1bf0050 nmethod 12750 0x0000021381532d90 code [0x0000021381533080, 0x0000021381534228]
Event: 51.977 Thread 0x00000213b3d96920 12751       4       java.util.ImmutableCollections$List12::get (35 bytes)
Event: 51.977 Thread 0x00000213b3d96920 nmethod 12751 0x000002138821bc90 code [0x000002138821be00, 0x000002138821beb8]
Event: 51.983 Thread 0x00000213fc5ce260 12752       4       java.lang.Integer::compareTo (9 bytes)
Event: 51.983 Thread 0x00000213fc5ce260 nmethod 12752 0x000002138821bf90 code [0x000002138821c100, 0x000002138821c1d8]
Event: 51.986 Thread 0x00000213aeab4610 12753       3       java.io.InputStream::readNBytes (292 bytes)

GC Heap History (20 events):
Event: 47.226 GC heap after
{Heap after GC invocations=14 (full 0):
 garbage-first heap   total 89088K, used 38538K [0x0000000080000000, 0x0000000100000000)
  region size 1024K, 2 young (2048K), 2 survivors (2048K)
 Metaspace       used 50815K, committed 51520K, reserved 491520K
  class space    used 7134K, committed 7424K, reserved 425984K
}
Event: 47.488 GC heap before
{Heap before GC invocations=14 (full 0):
 garbage-first heap   total 89088K, used 71306K [0x0000000080000000, 0x0000000100000000)
  region size 1024K, 34 young (34816K), 2 survivors (2048K)
 Metaspace       used 54845K, committed 55552K, reserved 491520K
  class space    used 7699K, committed 8064K, reserved 425984K
}
Event: 47.492 GC heap after
{Heap after GC invocations=15 (full 0):
 garbage-first heap   total 166912K, used 39788K [0x0000000080000000, 0x0000000100000000)
  region size 1024K, 4 young (4096K), 4 survivors (4096K)
 Metaspace       used 54845K, committed 55552K, reserved 491520K
  class space    used 7699K, committed 8064K, reserved 425984K
}
Event: 48.532 GC heap before
{Heap before GC invocations=15 (full 0):
 garbage-first heap   total 166912K, used 113516K [0x0000000080000000, 0x0000000100000000)
  region size 1024K, 72 young (73728K), 4 survivors (4096K)
 Metaspace       used 59331K, committed 60096K, reserved 491520K
  class space    used 8289K, committed 8704K, reserved 425984K
}
Event: 48.537 GC heap after
{Heap after GC invocations=16 (full 0):
 garbage-first heap   total 166912K, used 51154K [0x0000000080000000, 0x0000000100000000)
  region size 1024K, 9 young (9216K), 9 survivors (9216K)
 Metaspace       used 59331K, committed 60096K, reserved 491520K
  class space    used 8289K, committed 8704K, reserved 425984K
}
Event: 49.174 GC heap before
{Heap before GC invocations=17 (full 0):
 garbage-first heap   total 166912K, used 135122K [0x0000000080000000, 0x0000000100000000)
  region size 1024K, 91 young (93184K), 9 survivors (9216K)
 Metaspace       used 65913K, committed 66688K, reserved 491520K
  class space    used 9229K, committed 9600K, reserved 425984K
}
Event: 49.179 GC heap after
{Heap after GC invocations=18 (full 0):
 garbage-first heap   total 166912K, used 54828K [0x0000000080000000, 0x0000000100000000)
  region size 1024K, 9 young (9216K), 9 survivors (9216K)
 Metaspace       used 65913K, committed 66688K, reserved 491520K
  class space    used 9229K, committed 9600K, reserved 425984K
}
Event: 49.195 GC heap before
{Heap before GC invocations=18 (full 0):
 garbage-first heap   total 166912K, used 55852K [0x0000000080000000, 0x0000000100000000)
  region size 1024K, 10 young (10240K), 9 survivors (9216K)
 Metaspace       used 65994K, committed 66816K, reserved 491520K
  class space    used 9246K, committed 9664K, reserved 425984K
}
Event: 49.201 GC heap after
{Heap after GC invocations=19 (full 0):
 garbage-first heap   total 166912K, used 54292K [0x0000000080000000, 0x0000000100000000)
  region size 1024K, 1 young (1024K), 1 survivors (1024K)
 Metaspace       used 65994K, committed 66816K, reserved 491520K
  class space    used 9246K, committed 9664K, reserved 425984K
}
Event: 49.732 GC heap before
{Heap before GC invocations=19 (full 0):
 garbage-first heap   total 166912K, used 136212K [0x0000000080000000, 0x0000000100000000)
  region size 1024K, 80 young (81920K), 1 survivors (1024K)
 Metaspace       used 71412K, committed 72256K, reserved 491520K
  class space    used 10038K, committed 10432K, reserved 425984K
}
Event: 49.734 GC heap after
{Heap after GC invocations=20 (full 0):
 garbage-first heap   total 166912K, used 57268K [0x0000000080000000, 0x0000000100000000)
  region size 1024K, 4 young (4096K), 4 survivors (4096K)
 Metaspace       used 71412K, committed 72256K, reserved 491520K
  class space    used 10038K, committed 10432K, reserved 425984K
}
Event: 50.611 GC heap before
{Heap before GC invocations=20 (full 0):
 garbage-first heap   total 166912K, used 136116K [0x0000000080000000, 0x0000000100000000)
  region size 1024K, 81 young (82944K), 4 survivors (4096K)
 Metaspace       used 76372K, committed 77312K, reserved 557056K
  class space    used 10741K, committed 11200K, reserved 425984K
}
Event: 50.615 GC heap after
{Heap after GC invocations=21 (full 0):
 garbage-first heap   total 166912K, used 63703K [0x0000000080000000, 0x0000000100000000)
  region size 1024K, 10 young (10240K), 10 survivors (10240K)
 Metaspace       used 76372K, committed 77312K, reserved 557056K
  class space    used 10741K, committed 11200K, reserved 425984K
}
Event: 51.419 GC heap before
{Heap before GC invocations=21 (full 0):
 garbage-first heap   total 166912K, used 134359K [0x0000000080000000, 0x0000000100000000)
  region size 1024K, 80 young (81920K), 10 survivors (10240K)
 Metaspace       used 80097K, committed 81088K, reserved 557056K
  class space    used 11255K, committed 11712K, reserved 425984K
}
Event: 51.424 GC heap after
{Heap after GC invocations=22 (full 0):
 garbage-first heap   total 166912K, used 70876K [0x0000000080000000, 0x0000000100000000)
  region size 1024K, 8 young (8192K), 8 survivors (8192K)
 Metaspace       used 80097K, committed 81088K, reserved 557056K
  class space    used 11255K, committed 11712K, reserved 425984K
}
Event: 51.673 GC heap before
{Heap before GC invocations=22 (full 0):
 garbage-first heap   total 166912K, used 133340K [0x0000000080000000, 0x0000000100000000)
  region size 1024K, 70 young (71680K), 8 survivors (8192K)
 Metaspace       used 80351K, committed 81408K, reserved 557056K
  class space    used 11256K, committed 11776K, reserved 425984K
}
Event: 51.678 GC heap after
{Heap after GC invocations=23 (full 0):
 garbage-first heap   total 166912K, used 74962K [0x0000000080000000, 0x0000000100000000)
  region size 1024K, 5 young (5120K), 5 survivors (5120K)
 Metaspace       used 80351K, committed 81408K, reserved 557056K
  class space    used 11256K, committed 11776K, reserved 425984K
}
Event: 51.847 GC heap before
{Heap before GC invocations=23 (full 0):
 garbage-first heap   total 166912K, used 134354K [0x0000000080000000, 0x0000000100000000)
  region size 1024K, 64 young (65536K), 5 survivors (5120K)
 Metaspace       used 80357K, committed 81408K, reserved 557056K
  class space    used 11257K, committed 11776K, reserved 425984K
}
Event: 51.849 GC heap after
{Heap after GC invocations=24 (full 0):
 garbage-first heap   total 166912K, used 77393K [0x0000000080000000, 0x0000000100000000)
  region size 1024K, 7 young (7168K), 7 survivors (7168K)
 Metaspace       used 80357K, committed 81408K, reserved 557056K
  class space    used 11257K, committed 11776K, reserved 425984K
}
Event: 51.986 GC heap before
{Heap before GC invocations=24 (full 0):
 garbage-first heap   total 166912K, used 92753K [0x0000000080000000, 0x0000000100000000)
  region size 1024K, 20 young (20480K), 7 survivors (7168K)
 Metaspace       used 80377K, committed 81408K, reserved 557056K
  class space    used 11258K, committed 11776K, reserved 425984K
}

Dll operation events (15 events):
Event: 0.008 Loaded shared library C:\Program Files\OpenLogic\jdk-17.0.10.7-hotspot\bin\java.dll
Event: 0.021 Loaded shared library C:\Program Files\OpenLogic\jdk-17.0.10.7-hotspot\bin\jsvml.dll
Event: 0.057 Loaded shared library C:\Program Files\OpenLogic\jdk-17.0.10.7-hotspot\bin\zip.dll
Event: 0.058 Loaded shared library C:\Program Files\OpenLogic\jdk-17.0.10.7-hotspot\bin\instrument.dll
Event: 0.062 Loaded shared library C:\Program Files\OpenLogic\jdk-17.0.10.7-hotspot\bin\net.dll
Event: 0.064 Loaded shared library C:\Program Files\OpenLogic\jdk-17.0.10.7-hotspot\bin\nio.dll
Event: 0.066 Loaded shared library C:\Program Files\OpenLogic\jdk-17.0.10.7-hotspot\bin\zip.dll
Event: 0.227 Loaded shared library C:\Program Files\OpenLogic\jdk-17.0.10.7-hotspot\bin\jimage.dll
Event: 0.401 Loaded shared library C:\Program Files\OpenLogic\jdk-17.0.10.7-hotspot\bin\verify.dll
Event: 0.439 Loaded shared library C:\Users\PREET\.gradle\native\660c5614fbf4a5f2a75b1949f50a0caf5cd603558e7d8a26e50b933a0cfb79d1\windows-amd64\native-platform.dll
Event: 0.452 Loaded shared library C:\Users\PREET\.gradle\native\0.2.8\x86_64-windows-gnu\gradle-fileevents.dll
Event: 1.150 Loaded shared library C:\Program Files\OpenLogic\jdk-17.0.10.7-hotspot\bin\management.dll
Event: 1.152 Loaded shared library C:\Program Files\OpenLogic\jdk-17.0.10.7-hotspot\bin\management_ext.dll
Event: 1.275 Loaded shared library C:\Program Files\OpenLogic\jdk-17.0.10.7-hotspot\bin\extnet.dll
Event: 1.420 Loaded shared library C:\Program Files\OpenLogic\jdk-17.0.10.7-hotspot\bin\sunmscapi.dll

Deoptimization events (20 events):
Event: 51.905 Thread 0x00000213fdfa3db0 Uncommon trap: trap_request=0xffffff45 fr.pc=0x0000021387de1220 relative=0x0000000000001ee0
Event: 51.905 Thread 0x00000213fdfa3db0 Uncommon trap: reason=unstable_if action=reinterpret pc=0x0000021387de1220 method=java.util.zip.ZipFile.getInputStream(Ljava/util/zip/ZipEntry;)Ljava/io/InputStream; @ 101 c2
Event: 51.905 Thread 0x00000213fdfa3db0 DEOPT PACKING pc=0x0000021387de1220 sp=0x000000c6fa8f6e30
Event: 51.905 Thread 0x00000213fdfa3db0 DEOPT UNPACKING pc=0x00000213874a69a3 sp=0x000000c6fa8f6de8 mode 2
Event: 51.933 Thread 0x00000213fdfa3db0 Uncommon trap: trap_request=0xffffffde fr.pc=0x0000021387dee6d8 relative=0x0000000000000598
Event: 51.933 Thread 0x00000213fdfa3db0 Uncommon trap: reason=class_check action=maybe_recompile pc=0x0000021387dee6d8 method=java.lang.Throwable.<init>(Ljava/lang/String;Ljava/lang/Throwable;)V @ 24 c2
Event: 51.933 Thread 0x00000213fdfa3db0 DEOPT PACKING pc=0x0000021387dee6d8 sp=0x000000c6fa8f7050
Event: 51.933 Thread 0x00000213fdfa3db0 DEOPT UNPACKING pc=0x00000213874a69a3 sp=0x000000c6fa8f7018 mode 2
Event: 51.933 Thread 0x00000213fdfa3db0 Uncommon trap: trap_request=0xffffffde fr.pc=0x0000021387dee6d8 relative=0x0000000000000598
Event: 51.933 Thread 0x00000213fdfa3db0 Uncommon trap: reason=class_check action=maybe_recompile pc=0x0000021387dee6d8 method=java.lang.Throwable.<init>(Ljava/lang/String;Ljava/lang/Throwable;)V @ 24 c2
Event: 51.933 Thread 0x00000213fdfa3db0 DEOPT PACKING pc=0x0000021387dee6d8 sp=0x000000c6fa8f7250
Event: 51.933 Thread 0x00000213fdfa3db0 DEOPT UNPACKING pc=0x00000213874a69a3 sp=0x000000c6fa8f7218 mode 2
Event: 51.934 Thread 0x00000213fdfa3db0 Uncommon trap: trap_request=0xffffffde fr.pc=0x0000021387dee6d8 relative=0x0000000000000598
Event: 51.934 Thread 0x00000213fdfa3db0 Uncommon trap: reason=class_check action=maybe_recompile pc=0x0000021387dee6d8 method=java.lang.Throwable.<init>(Ljava/lang/String;Ljava/lang/Throwable;)V @ 24 c2
Event: 51.934 Thread 0x00000213fdfa3db0 DEOPT PACKING pc=0x0000021387dee6d8 sp=0x000000c6fa8f7050
Event: 51.934 Thread 0x00000213fdfa3db0 DEOPT UNPACKING pc=0x00000213874a69a3 sp=0x000000c6fa8f7018 mode 2
Event: 51.934 Thread 0x00000213fdfa3db0 Uncommon trap: trap_request=0xffffffde fr.pc=0x0000021387dee6d8 relative=0x0000000000000598
Event: 51.934 Thread 0x00000213fdfa3db0 Uncommon trap: reason=class_check action=maybe_recompile pc=0x0000021387dee6d8 method=java.lang.Throwable.<init>(Ljava/lang/String;Ljava/lang/Throwable;)V @ 24 c2
Event: 51.934 Thread 0x00000213fdfa3db0 DEOPT PACKING pc=0x0000021387dee6d8 sp=0x000000c6fa8f7250
Event: 51.934 Thread 0x00000213fdfa3db0 DEOPT UNPACKING pc=0x00000213874a69a3 sp=0x000000c6fa8f7218 mode 2

Classes unloaded (0 events):
No events

Classes redefined (0 events):
No events

Internal exceptions (20 events):
Event: 51.222 Thread 0x00000213fdfa3db0 Exception <a 'java/lang/ClassNotFoundException'{0x0000000086c60128}: org/gradle/api/internal/DefaultDomainObjectCollectionCustomizer> (0x0000000086c60128) 
thrown [s\src\hotspot\share\classfile\systemDictionary.cpp, line 256]
Event: 51.223 Thread 0x00000213fdfa3db0 Exception <a 'java/lang/ClassNotFoundException'{0x0000000086c98260}: org/gradle/api/internal/DefaultNamedDomainObjectCollectionCustomizer> (0x0000000086c98260) 
thrown [s\src\hotspot\share\classfile\systemDictionary.cpp, line 256]
Event: 51.223 Thread 0x00000213fdfa3db0 Exception <a 'java/lang/ClassNotFoundException'{0x0000000086cd7910}: org/gradle/api/internal/DefaultNamedDomainObjectListCustomizer> (0x0000000086cd7910) 
thrown [s\src\hotspot\share\classfile\systemDictionary.cpp, line 256]
Event: 51.224 Thread 0x00000213fdfa3db0 Exception <a 'java/lang/ClassNotFoundException'{0x0000000086b0f158}: org/gradle/api/internal/artifacts/DefaultArtifactRepositoryContainerCustomizer> (0x0000000086b0f158) 
thrown [s\src\hotspot\share\classfile\systemDictionary.cpp, line 256]
Event: 51.225 Thread 0x00000213fdfa3db0 Exception <a 'java/lang/ClassNotFoundException'{0x0000000086b3aea8}: org/gradle/api/internal/artifacts/dsl/DefaultRepositoryHandlerCustomizer> (0x0000000086b3aea8) 
thrown [s\src\hotspot\share\classfile\systemDictionary.cpp, line 256]
Event: 51.226 Thread 0x00000213fdfa3db0 Exception <a 'java/lang/ClassNotFoundException'{0x0000000086b74060}: org/gradle/api/internal/artifacts/dsl/DefaultRepositoryHandler_DecoratedCustomizer> (0x0000000086b74060) 
thrown [s\src\hotspot\share\classfile\systemDictionary.cpp, line 256]
Event: 51.230 Thread 0x00000213fdfa3db0 Exception <a 'java/lang/ClassNotFoundException'{0x0000000086a0dc20}: org/gradle/api/internal/artifacts/dsl/dependencies/DefaultDependencyHandler_DecoratedBeanInfo> (0x0000000086a0dc20) 
thrown [s\src\hotspot\share\classfile\systemDictionary.cpp, line 256]
Event: 51.230 Thread 0x00000213fdfa3db0 Exception <a 'java/lang/ClassNotFoundException'{0x0000000086a27458}: org/gradle/api/internal/artifacts/dsl/dependencies/DefaultDependencyHandlerBeanInfo> (0x0000000086a27458) 
thrown [s\src\hotspot\share\classfile\systemDictionary.cpp, line 256]
Event: 51.231 Thread 0x00000213fdfa3db0 Exception <a 'java/lang/ClassNotFoundException'{0x0000000086a40c50}: org/gradle/api/internal/artifacts/dsl/dependencies/DefaultDependencyHandlerCustomizer> (0x0000000086a40c50) 
thrown [s\src\hotspot\share\classfile\systemDictionary.cpp, line 256]
Event: 51.231 Thread 0x00000213fdfa3db0 Exception <a 'java/lang/ClassNotFoundException'{0x0000000086a811b0}: org/gradle/api/internal/artifacts/dsl/dependencies/DefaultDependencyHandler_DecoratedCustomizer> (0x0000000086a811b0) 
thrown [s\src\hotspot\share\classfile\systemDictionary.cpp, line 256]
Event: 51.415 Thread 0x00000213b36dd970 Exception <a 'sun/nio/fs/WindowsException'{0x0000000085d0a038}> (0x0000000085d0a038) 
thrown [s\src\hotspot\share\prims\jni.cpp, line 516]
Event: 51.468 Thread 0x00000213b36dd970 Exception <a 'sun/nio/fs/WindowsException'{0x0000000089ceb2d8}> (0x0000000089ceb2d8) 
thrown [s\src\hotspot\share\prims\jni.cpp, line 516]
Event: 51.469 Thread 0x00000213b36dd970 Exception <a 'sun/nio/fs/WindowsException'{0x0000000089cedb80}> (0x0000000089cedb80) 
thrown [s\src\hotspot\share\prims\jni.cpp, line 516]
Event: 51.469 Thread 0x00000213b36dd970 Exception <a 'sun/nio/fs/WindowsException'{0x0000000089cf00e8}> (0x0000000089cf00e8) 
thrown [s\src\hotspot\share\prims\jni.cpp, line 516]
Event: 51.469 Thread 0x00000213b36dd970 Exception <a 'sun/nio/fs/WindowsException'{0x0000000089b00960}> (0x0000000089b00960) 
thrown [s\src\hotspot\share\prims\jni.cpp, line 516]
Event: 51.472 Thread 0x00000213b36dd970 Exception <a 'sun/nio/fs/WindowsException'{0x0000000089b2e0c8}> (0x0000000089b2e0c8) 
thrown [s\src\hotspot\share\prims\jni.cpp, line 516]
Event: 51.475 Thread 0x00000213b36dd970 Exception <a 'sun/nio/fs/WindowsException'{0x0000000089b53580}> (0x0000000089b53580) 
thrown [s\src\hotspot\share\prims\jni.cpp, line 516]
Event: 51.564 Thread 0x00000213b06c5ef0 Implicit null exception at 0x000002138816df26 to 0x000002138816e650
Event: 51.892 Thread 0x00000213fdfa3db0 Exception <a 'java/lang/ClassNotFoundException'{0x0000000089c56688}: build_b55v9yq1kd29zj71pvwaqe62qBeanInfo> (0x0000000089c56688) 
thrown [s\src\hotspot\share\classfile\systemDictionary.cpp, line 256]
Event: 51.893 Thread 0x00000213fdfa3db0 Exception <a 'java/lang/ClassNotFoundException'{0x0000000089c5dd38}: build_b55v9yq1kd29zj71pvwaqe62qCustomizer> (0x0000000089c5dd38) 
thrown [s\src\hotspot\share\classfile\systemDictionary.cpp, line 256]

VM Operations (20 events):
Event: 50.995 Executing VM operation: ICBufferFull done
Event: 51.236 Executing VM operation: HandshakeAllThreads
Event: 51.236 Executing VM operation: HandshakeAllThreads done
Event: 51.239 Executing VM operation: ICBufferFull
Event: 51.239 Executing VM operation: ICBufferFull done
Event: 51.243 Executing VM operation: HandshakeAllThreads
Event: 51.243 Executing VM operation: HandshakeAllThreads done
Event: 51.378 Executing VM operation: ICBufferFull
Event: 51.378 Executing VM operation: ICBufferFull done
Event: 51.405 Executing VM operation: ICBufferFull
Event: 51.405 Executing VM operation: ICBufferFull done
Event: 51.419 Executing VM operation: G1CollectForAllocation
Event: 51.424 Executing VM operation: G1CollectForAllocation done
Event: 51.551 Executing VM operation: ICBufferFull
Event: 51.552 Executing VM operation: ICBufferFull done
Event: 51.673 Executing VM operation: G1CollectForAllocation
Event: 51.678 Executing VM operation: G1CollectForAllocation done
Event: 51.847 Executing VM operation: G1CollectForAllocation
Event: 51.849 Executing VM operation: G1CollectForAllocation done
Event: 51.986 Executing VM operation: G1TryInitiateConcMark

Events (20 events):
Event: 51.450 Thread 0x00000213ae072a20 Thread added: 0x00000213ae072a20
Event: 51.450 Thread 0x00000213ae0701a0 Thread added: 0x00000213ae0701a0
Event: 51.451 Thread 0x00000213ae06f780 Thread added: 0x00000213ae06f780
Event: 51.452 Thread 0x00000213ae06fc90 Thread added: 0x00000213ae06fc90
Event: 51.452 Thread 0x00000213ae0766e0 Thread added: 0x00000213ae0766e0
Event: 51.452 Thread 0x00000213ae073e60 Thread added: 0x00000213ae073e60
Event: 51.453 Thread 0x00000213ae074370 Thread added: 0x00000213ae074370
Event: 51.453 Thread 0x00000213ae074880 Thread added: 0x00000213ae074880
Event: 51.453 Thread 0x00000213ae074d90 Thread added: 0x00000213ae074d90
Event: 51.454 Thread 0x00000213ae0752a0 Thread added: 0x00000213ae0752a0
Event: 51.454 Thread 0x00000213ae073950 Thread added: 0x00000213ae073950
Event: 51.479 Thread 0x00000213ae072f30 Thread added: 0x00000213ae072f30
Event: 51.480 Thread 0x00000213ae075cc0 Thread added: 0x00000213ae075cc0
Event: 51.480 Thread 0x00000213ae0757b0 Thread added: 0x00000213ae0757b0
Event: 51.480 Thread 0x00000213ae0761d0 Thread added: 0x00000213ae0761d0
Event: 51.480 Thread 0x00000213ae076bf0 Thread added: 0x00000213ae076bf0
Event: 51.481 Thread 0x00000213ae073440 Thread added: 0x00000213ae073440
Event: 51.481 Thread 0x00000213ae077100 Thread added: 0x00000213ae077100
Event: 51.855 Thread 0x00000213b1d58500 Thread added: 0x00000213b1d58500
Event: 51.886 Thread 0x00000213b1671830 Thread added: 0x00000213b1671830


Dynamic libraries:
0x00007ff73e500000 - 0x00007ff73e50e000 	C:\Program Files\OpenLogic\jdk-17.0.10.7-hotspot\bin\java.exe
0x00007ffddc3a0000 - 0x00007ffddc608000 	C:\WINDOWS\SYSTEM32\ntdll.dll
0x00007ffddb280000 - 0x00007ffddb349000 	C:\WINDOWS\System32\KERNEL32.DLL
0x00007ffdd9910000 - 0x00007ffdd9d08000 	C:\WINDOWS\System32\KERNELBASE.dll
0x00007ffdd94f0000 - 0x00007ffdd963b000 	C:\WINDOWS\System32\ucrtbase.dll
0x00007ffd96870000 - 0x00007ffd9688b000 	C:\Program Files\OpenLogic\jdk-17.0.10.7-hotspot\bin\VCRUNTIME140.dll
0x00007ffd96850000 - 0x00007ffd96867000 	C:\Program Files\OpenLogic\jdk-17.0.10.7-hotspot\bin\jli.dll
0x00007ffddb350000 - 0x00007ffddb517000 	C:\WINDOWS\System32\USER32.dll
0x00007ffdd98e0000 - 0x00007ffdd9907000 	C:\WINDOWS\System32\win32u.dll
0x00007ffddc2d0000 - 0x00007ffddc2fb000 	C:\WINDOWS\System32\GDI32.dll
0x00007ffdb9ca0000 - 0x00007ffdb9f34000 	C:\WINDOWS\WinSxS\amd64_microsoft.windows.common-controls_6595b64144ccf1df_6.0.26100.7019_none_3e06ffa0e335b8a8\COMCTL32.dll
0x00007ffdd9640000 - 0x00007ffdd976c000 	C:\WINDOWS\System32\gdi32full.dll
0x00007ffddb520000 - 0x00007ffddb5c9000 	C:\WINDOWS\System32\msvcrt.dll
0x00007ffdd9da0000 - 0x00007ffdd9e43000 	C:\WINDOWS\System32\msvcp_win.dll
0x00007ffddbb80000 - 0x00007ffddbbb1000 	C:\WINDOWS\System32\IMM32.DLL
0x00007ffda8800000 - 0x00007ffda880c000 	C:\Program Files\OpenLogic\jdk-17.0.10.7-hotspot\bin\vcruntime140_1.dll
0x00007ffd962b0000 - 0x00007ffd9633d000 	C:\Program Files\OpenLogic\jdk-17.0.10.7-hotspot\bin\msvcp140.dll
0x00007ffcfeeb0000 - 0x00007ffcffb12000 	C:\Program Files\OpenLogic\jdk-17.0.10.7-hotspot\bin\server\jvm.dll
0x00007ffddb1c0000 - 0x00007ffddb274000 	C:\WINDOWS\System32\ADVAPI32.dll
0x00007ffdda380000 - 0x00007ffdda426000 	C:\WINDOWS\System32\sechost.dll
0x00007ffddb5d0000 - 0x00007ffddb6e8000 	C:\WINDOWS\System32\RPCRT4.dll
0x00007ffdd8110000 - 0x00007ffdd816e000 	C:\WINDOWS\SYSTEM32\POWRPROF.dll
0x00007ffda8780000 - 0x00007ffda878a000 	C:\WINDOWS\SYSTEM32\WSOCK32.dll
0x00007ffdce7f0000 - 0x00007ffdce7fb000 	C:\WINDOWS\SYSTEM32\VERSION.dll
0x00007ffdda600000 - 0x00007ffdda674000 	C:\WINDOWS\System32\WS2_32.dll
0x00007ffdcc280000 - 0x00007ffdcc2b5000 	C:\WINDOWS\SYSTEM32\WINMM.dll
0x00007ffdd80f0000 - 0x00007ffdd8104000 	C:\WINDOWS\SYSTEM32\UMPDC.dll
0x00007ffdd83d0000 - 0x00007ffdd83eb000 	C:\WINDOWS\SYSTEM32\kernel.appcore.dll
0x00007ffda3210000 - 0x00007ffda321a000 	C:\Program Files\OpenLogic\jdk-17.0.10.7-hotspot\bin\jimage.dll
0x00007ffdd6b10000 - 0x00007ffdd6d52000 	C:\WINDOWS\SYSTEM32\DBGHELP.DLL
0x00007ffddbbc0000 - 0x00007ffddbf4b000 	C:\WINDOWS\System32\combase.dll
0x00007ffdda800000 - 0x00007ffdda8d7000 	C:\WINDOWS\System32\OLEAUT32.dll
0x00007ffdb7320000 - 0x00007ffdb735c000 	C:\WINDOWS\SYSTEM32\dbgcore.DLL
0x00007ffdd9770000 - 0x00007ffdd9815000 	C:\WINDOWS\System32\bcryptPrimitives.dll
0x00007ffd962a0000 - 0x00007ffd962ae000 	C:\Program Files\OpenLogic\jdk-17.0.10.7-hotspot\bin\instrument.dll
0x00007ffd63070000 - 0x00007ffd63095000 	C:\Program Files\OpenLogic\jdk-17.0.10.7-hotspot\bin\java.dll
0x00007ffd23fa0000 - 0x00007ffd24076000 	C:\Program Files\OpenLogic\jdk-17.0.10.7-hotspot\bin\jsvml.dll
0x00007ffdda9e0000 - 0x00007ffddb12f000 	C:\WINDOWS\System32\SHELL32.dll
0x00007ffdd9fd0000 - 0x00007ffdda13b000 	C:\WINDOWS\System32\wintypes.dll
0x00007ffdd7130000 - 0x00007ffdd798d000 	C:\WINDOWS\SYSTEM32\windows.storage.dll
0x00007ffdda8e0000 - 0x00007ffdda9d2000 	C:\WINDOWS\System32\SHCORE.dll
0x00007ffdda680000 - 0x00007ffdda6e7000 	C:\WINDOWS\System32\shlwapi.dll
0x00007ffdd9410000 - 0x00007ffdd9439000 	C:\WINDOWS\SYSTEM32\profapi.dll
0x00007ffd63a60000 - 0x00007ffd63a78000 	C:\Program Files\OpenLogic\jdk-17.0.10.7-hotspot\bin\zip.dll
0x00007ffd86340000 - 0x00007ffd86359000 	C:\Program Files\OpenLogic\jdk-17.0.10.7-hotspot\bin\net.dll
0x00007ffdd1770000 - 0x00007ffdd1898000 	C:\WINDOWS\SYSTEM32\WINHTTP.dll
0x00007ffdd8940000 - 0x00007ffdd89ab000 	C:\WINDOWS\system32\mswsock.dll
0x00007ffd63ce0000 - 0x00007ffd63cf6000 	C:\Program Files\OpenLogic\jdk-17.0.10.7-hotspot\bin\nio.dll
0x00007ffd967d0000 - 0x00007ffd967e0000 	C:\Program Files\OpenLogic\jdk-17.0.10.7-hotspot\bin\verify.dll
0x00007ffd61fa0000 - 0x00007ffd61fc7000 	C:\Users\PREET\.gradle\native\660c5614fbf4a5f2a75b1949f50a0caf5cd603558e7d8a26e50b933a0cfb79d1\windows-amd64\native-platform.dll
0x00007ffd173b0000 - 0x00007ffd17427000 	C:\Users\PREET\.gradle\native\0.2.8\x86_64-windows-gnu\gradle-fileevents.dll
0x00007ffda2980000 - 0x00007ffda2989000 	C:\Program Files\OpenLogic\jdk-17.0.10.7-hotspot\bin\management.dll
0x00007ffda2680000 - 0x00007ffda268b000 	C:\Program Files\OpenLogic\jdk-17.0.10.7-hotspot\bin\management_ext.dll
0x00007ffdda480000 - 0x00007ffdda488000 	C:\WINDOWS\System32\PSAPI.DLL
0x00007ffdd7de0000 - 0x00007ffdd7e14000 	C:\WINDOWS\SYSTEM32\IPHLPAPI.DLL
0x00007ffdda790000 - 0x00007ffdda79a000 	C:\WINDOWS\System32\NSI.dll
0x00007ffdd18c0000 - 0x00007ffdd18de000 	C:\WINDOWS\SYSTEM32\dhcpcsvc6.DLL
0x00007ffdd1260000 - 0x00007ffdd1283000 	C:\WINDOWS\SYSTEM32\dhcpcsvc.DLL
0x00007ffdd7ec0000 - 0x00007ffdd7fec000 	C:\WINDOWS\SYSTEM32\DNSAPI.dll
0x00007ffd97290000 - 0x00007ffd97298000 	C:\Program Files\OpenLogic\jdk-17.0.10.7-hotspot\bin\extnet.dll
0x00007ffdd8c00000 - 0x00007ffdd8c1b000 	C:\WINDOWS\SYSTEM32\CRYPTSP.dll
0x00007ffdd8330000 - 0x00007ffdd836a000 	C:\WINDOWS\system32\rsaenh.dll
0x00007ffdd89f0000 - 0x00007ffdd8a1b000 	C:\WINDOWS\SYSTEM32\USERENV.dll
0x00007ffdd93e0000 - 0x00007ffdd940a000 	C:\WINDOWS\SYSTEM32\bcrypt.dll
0x00007ffdd8c20000 - 0x00007ffdd8c2c000 	C:\WINDOWS\SYSTEM32\CRYPTBASE.dll
0x00007ffd96250000 - 0x00007ffd9625e000 	C:\Program Files\OpenLogic\jdk-17.0.10.7-hotspot\bin\sunmscapi.dll
0x00007ffdd9e50000 - 0x00007ffdd9fc7000 	C:\WINDOWS\System32\CRYPT32.dll
0x00007ffdd8e20000 - 0x00007ffdd8e50000 	C:\WINDOWS\SYSTEM32\ncrypt.dll
0x00007ffdd8dd0000 - 0x00007ffdd8e0f000 	C:\WINDOWS\SYSTEM32\NTASN1.dll
0x00007ffdbd630000 - 0x00007ffdbd638000 	C:\WINDOWS\system32\wshunix.dll
0x00007ffdd1a10000 - 0x00007ffdd1a1b000 	C:\Windows\System32\rasadhlp.dll
0x00007ffdd0380000 - 0x00007ffdd0406000 	C:\WINDOWS\System32\fwpuclnt.dll

dbghelp: loaded successfully - version: 4.0.5 - missing functions: none
symbol engine: initialized successfully - sym options: 0x614 - pdb path: .;C:\Program Files\OpenLogic\jdk-17.0.10.7-hotspot\bin;C:\WINDOWS\SYSTEM32;C:\WINDOWS\WinSxS\amd64_microsoft.windows.common-controls_6595b64144ccf1df_6.0.26100.7019_none_3e06ffa0e335b8a8;C:\Program Files\OpenLogic\jdk-17.0.10.7-hotspot\bin\server;C:\Users\PREET\.gradle\native\660c5614fbf4a5f2a75b1949f50a0caf5cd603558e7d8a26e50b933a0cfb79d1\windows-amd64;C:\Users\PREET\.gradle\native\0.2.8\x86_64-windows-gnu

VM Arguments:
jvm_args: --add-opens=java.base/java.lang=ALL-UNNAMED --add-opens=java.base/java.lang.invoke=ALL-UNNAMED --add-opens=java.base/java.util=ALL-UNNAMED --add-opens=java.prefs/java.util.prefs=ALL-UNNAMED --add-exports=jdk.compiler/com.sun.tools.javac.api=ALL-UNNAMED --add-exports=jdk.compiler/com.sun.tools.javac.util=ALL-UNNAMED --add-opens=java.base/java.util=ALL-UNNAMED --add-opens=java.prefs/java.util.prefs=ALL-UNNAMED --add-opens=java.base/java.nio.charset=ALL-UNNAMED --add-opens=java.base/java.net=ALL-UNNAMED --add-opens=java.base/java.util.concurrent=ALL-UNNAMED --add-opens=java.base/java.util.concurrent.atomic=ALL-UNNAMED --add-opens=java.xml/javax.xml.namespace=ALL-UNNAMED --add-opens=java.base/java.time=ALL-UNNAMED -XX:MaxMetaspaceSize=512m -Xmx2048m -Dfile.encoding=windows-1252 -Duser.country=IN -Duser.language=en -Duser.variant -javaagent:C:\Users\PREET\.gradle\wrapper\dists\gradle-9.3.1-bin\23ovyewtku6u96viwx3xl3oks\gradle-9.3.1\lib\agents\gradle-instrumentation-agent-9.3.1.jar 
java_command: org.gradle.launcher.daemon.bootstrap.GradleDaemon 9.3.1
java_class_path (initial): C:\Users\PREET\.gradle\wrapper\dists\gradle-9.3.1-bin\23ovyewtku6u96viwx3xl3oks\gradle-9.3.1\lib\gradle-daemon-main-9.3.1.jar
Launcher Type: SUN_STANDARD

[Global flags]
     intx CICompilerCount                          = 12                                        {product} {ergonomic}
   size_t CompressedClassSpaceSize                 = 436207616                                 {product} {ergonomic}
     uint ConcGCThreads                            = 3                                         {product} {ergonomic}
     uint G1ConcRefinementThreads                  = 13                                        {product} {ergonomic}
   size_t G1HeapRegionSize                         = 1048576                                   {product} {ergonomic}
    uintx GCDrainStackTargetSize                   = 64                                        {product} {ergonomic}
   size_t InitialHeapSize                          = 264241152                                 {product} {ergonomic}
   size_t MarkStackSize                            = 4194304                                   {product} {ergonomic}
   size_t MaxHeapSize                              = 2147483648                                {product} {command line}
   size_t MaxMetaspaceSize                         = 536870912                                 {product} {command line}
   size_t MaxNewSize                               = 1287651328                                {product} {ergonomic}
   size_t MinHeapDeltaBytes                        = 1048576                                   {product} {ergonomic}
   size_t MinHeapSize                              = 8388608                                   {product} {ergonomic}
    uintx NonNMethodCodeHeapSize                   = 7602480                                {pd product} {ergonomic}
    uintx NonProfiledCodeHeapSize                  = 122027880                              {pd product} {ergonomic}
    uintx ProfiledCodeHeapSize                     = 122027880                              {pd product} {ergonomic}
    uintx ReservedCodeCacheSize                    = 251658240                              {pd product} {ergonomic}
     bool SegmentedCodeCache                       = true                                      {product} {ergonomic}
   size_t SoftMaxHeapSize                          = 2147483648                             {manageable} {ergonomic}
     bool UseCompressedClassPointers               = true                           {product lp64_product} {ergonomic}
     bool UseCompressedOops                        = true                           {product lp64_product} {ergonomic}
     bool UseG1GC                                  = true                                      {product} {ergonomic}
     bool UseLargePagesIndividualAllocation        = false                                  {pd product} {ergonomic}

Logging:
Log output configuration:
 #0: stdout all=warning uptime,level,tags
 #1: stderr all=off uptime,level,tags

Environment Variables:
JAVA_HOME=C:\Program Files\OpenLogic\jdk-17.0.10.7-hotspot
PATH=D:\AI_Personal_Buddy\AIAssistantApp\node_modules\.bin;D:\AI_Personal_Buddy\node_modules\.bin;D:\node_modules\.bin;C:\Program Files\nodejs\node_modules\npm\node_modules\@npmcli\run-script\lib\node-gyp-bin;c:\Users\PREET\AppData\Roaming\Code\User\globalStorage\github.copilot-chat\debugCommand;c:\Users\PREET\AppData\Roaming\Code\User\globalStorage\github.copilot-chat\copilotCli;C:\Program Files\OpenLogic\jdk-17.0.10.7-hotspot\bin;C:\Program Files\OpenLogic\jdk-21.0.3.1-hotspot\bin;C:\Windows\system32;C:\Windows;C:\Windows\System32\Wbem;C:\Windows\System32\WindowsPowerShell\v1.0\;C:\Windows\System32\OpenSSH\;C:\Program Files (x86)\NVIDIA Corporation\PhysX\Common;C:\Program Files\NVIDIA Corporation\NVIDIA NvDLISR;C:\Program Files\Git\cmd;C:\Users\PREET\AppData\Local\Android\Sdk;C:\Users\PREET\AppData\Local\Android\Sdk\platform-tools;C:\WINDOWS\system32;C:\WINDOWS;C:\WINDOWS\System32\Wbem;C:\WINDOWS\System32\WindowsPowerShell\v1.0\;C:\WINDOWS\System32\OpenSSH\;C:\ProgramData\chocolatey\bin;C:\Users\PREET\anaconda3\Scripts;%NVM_HOME%;%NVM_SYMLINK%;C:\Program Files (x86)\Windows Kits\10\Windows Performance Toolkit\;C:\Program Files\nodejs\;C:\Users\PREET\.local\bin;C:\Users\PREET\AppData\Local\Programs\Python\Python312\Scripts\;C:\Users\PREET\AppData\Local\Programs\Python\Python312\;C:\Users\PREET\AppData\Local\Android\Sdk\tools;C:\Users\PREET\AppData\Local\jdk-11.0.2\bin;C:\Users\PREET\AppData\Local\Microsoft\WindowsApps;C:\Users\PREET\AppData\Local\Programs\Microsoft VS Code\bin;C:\Program Files\OpenLogic\jdk-21.0.3.1-hotspot\bin;C:\Users\PREET\AppData\Local\Android\Sdk;C:\Users\PREET\AppData\Local\Android\Sdk\platform-tools;C:\Users\PREET\AppData\Local\Programs\mongosh\;C:\Program Files\MongoDB\Tools\100\bin;C:\Users\PREET\AppData\Local\Programs\Ollama;C:\FFmpeg\bin;C:\ProgramData\nvm;C:\nvm4w\nodejs;C:\Users\PREET\AppData\Roaming\npm;C:\Users\PREET\AppData\Local\Google\Cloud SDK\google-cloud-sdk\bin;C:\Users\PREET\AppData\Local\Programs\cursor\resources\app\bin
USERNAME=PREET
LANG=en_US.UTF-8
OS=Windows_NT
PROCESSOR_IDENTIFIER=Intel64 Family 6 Model 186 Stepping 2, GenuineIntel
TMP=C:\Users\PREET\AppData\Local\Temp
TEMP=C:\Users\PREET\AppData\Local\Temp



Periodic native trim disabled


---------------  S Y S T E M  ---------------

OS:
 Windows 11 , 64 bit Build 26100 (10.0.26100.7019)
OS uptime: 0 days 6:14 hours
Hyper-V role detected

CPU: total 16 (initial active 16) (8 cores per cpu, 2 threads per core) family 6 model 186 stepping 2 microcode 0x4128, cx8, cmov, fxsr, ht, mmx, 3dnowpref, sse, sse2, sse3, ssse3, sse4.1, sse4.2, popcnt, lzcnt, tsc, tscinvbit, avx, avx2, aes, erms, clmul, bmi1, bmi2, adx, sha, fma, vzeroupper, clflush, clflushopt, clwb, hv
Processor Information for processor 0
  Max Mhz: 2400, Current Mhz: 2400, Mhz Limit: 2400
Processor Information for processor 1
  Max Mhz: 2400, Current Mhz: 2400, Mhz Limit: 2400
Processor Information for processor 2
  Max Mhz: 2400, Current Mhz: 2400, Mhz Limit: 2400
Processor Information for processor 3
  Max Mhz: 2400, Current Mhz: 2400, Mhz Limit: 2400
Processor Information for processor 4
  Max Mhz: 2400, Current Mhz: 2400, Mhz Limit: 2400
Processor Information for processor 5
  Max Mhz: 2400, Current Mhz: 2400, Mhz Limit: 2400
Processor Information for processor 6
  Max Mhz: 2400, Current Mhz: 2400, Mhz Limit: 2400
Processor Information for processor 7
  Max Mhz: 2400, Current Mhz: 2400, Mhz Limit: 2400
Processor Information for processor 8
  Max Mhz: 2400, Current Mhz: 2400, Mhz Limit: 2400
Processor Information for processor 9
  Max Mhz: 2400, Current Mhz: 2400, Mhz Limit: 2400
Processor Information for processor 10
  Max Mhz: 2400, Current Mhz: 2400, Mhz Limit: 2400
Processor Information for processor 11
  Max Mhz: 2400, Current Mhz: 2400, Mhz Limit: 2400
Processor Information for processor 12
  Max Mhz: 2400, Current Mhz: 1500, Mhz Limit: 1800
Processor Information for processor 13
  Max Mhz: 2400, Current Mhz: 1800, Mhz Limit: 1800
Processor Information for processor 14
  Max Mhz: 2400, Current Mhz: 1800, Mhz Limit: 1800
Processor Information for processor 15
  Max Mhz: 2400, Current Mhz: 1800, Mhz Limit: 1800

Memory: 4k page, system-wide physical 16108M (1898M free)
TotalPageFile size 28029M (AvailPageFile size 52M)
current process WorkingSet (physical memory assigned to process): 447M, peak: 455M
current process commit charge ("private bytes"): 502M, peak: 585M

vm_info: OpenJDK 64-Bit Server VM (17.0.10+7-adhoc..jdk17u) for windows-amd64 JRE (17.0.10+7-adhoc..jdk17u), built on Jan 24 2024 08:51:31 by "" with MS VC++ 16.10 / 16.11 (VS2019)

END.
